Year;Year_(each_ant_moves_once_a_year_on_average)&nbsp;&nbsp;&nbsp;x&nbsp;&nbsp;&nbsp;Amount_of_food_collected
0;0
1;8
2;11
3;20
4;30
5;37
6;44
7;51
8;55
9;59
10;66
11;77
12;84
13;90
14;95
15;104
16;108
17;114
18;125
19;131
20;135
21;139
22;146
23;155
24;161
25;169
26;178
27;182
28;187
29;197
30;201
31;202
32;211
33;219
34;223
35;224
36;232
37;240
38;248
39;252
40;256
41;261
42;264
43;266
44;272
45;277
46;282
47;285
48;287
49;296
50;303
51;305
52;308
53;319
54;321
55;326
56;331
57;332
58;338
59;347
60;351
61;359
62;360
63;364
64;367
65;370
66;373
67;376
68;381
69;383
70;387
71;391
72;395
73;398
74;403
75;407
76;408
77;411
78;414
79;418
80;424
81;427
82;429
83;433
84;434
85;434
86;437
87;441
88;447
89;454
90;460
91;463
92;467
93;468
94;471
95;476
96;478
97;482
98;489
99;489
100;495
101;495
102;497
103;504
104;507
105;510
106;516
107;520
108;524
109;525
110;529
111;533
112;538
113;540
114;543
115;546
116;549
117;551
118;556
119;561
120;565
121;565
122;566
123;570
124;570
125;575
126;577
127;586
128;590
129;592
130;597
131;600
132;602
133;608
134;613
135;618
136;620
137;625
138;628
139;629
140;632
141;636
142;639
143;644
144;651
145;656
146;660
147;661
148;662
149;668
150;673
151;677
152;680
153;680
154;682
155;692
156;695
157;701
158;706
159;710
160;713
161;719
162;721
163;725
164;728
165;729
166;735
167;739
168;742
169;745
170;752
171;756
172;758
173;764
174;766
175;770
176;773
177;774
178;777
179;781
180;787
181;790
182;791
183;795
184;798
185;801
186;802
187;807
188;811
189;815
190;817
191;821
192;822
193;827
194;829
195;835
196;838
197;842
198;843
199;848
200;849
201;851
202;853
203;853
204;856
205;860
206;862
207;865
208;867
209;868
210;869
211;870
212;873
213;875
214;878
215;881
216;885
217;888
218;890
219;890
220;894
221;896
222;897
223;901
224;905
225;909
226;911
227;913
228;914
229;917
230;918
231;919
232;925
233;928
234;932
235;934
236;934
237;934
238;936
239;937
240;938
241;938
242;943
243;944
244;945
245;952
246;957
247;963
248;967
249;970
250;973
251;976
252;977
253;978
254;979
255;979
256;980
257;985
258;987
259;990
260;993
261;993
262;995
263;995
264;996
265;998
266;999
267;1002
268;1004
269;1009
270;1015
271;1023
272;1025
273;1026
274;1030
275;1032
276;1032
277;1033
278;1033
279;1035
280;1037
281;1040
282;1041
283;1041
284;1042
285;1043
286;1044
287;1044
288;1047
289;1052
290;1054
291;1058
292;1064
293;1067
294;1070
295;1073
296;1076
297;1080
298;1082
299;1084
300;1085
301;1086
302;1087
303;1087
304;1090
305;1090
306;1092
307;1093
308;1094
309;1095
310;1098
311;1102
312;1110
313;1113
314;1118
315;1120
316;1121
317;1121
318;1123
319;1127
320;1130
321;1132
322;1136
323;1139
324;1142
325;1146
326;1147
327;1151
328;1151
329;1151
330;1154
331;1156
332;1160
333;1165
334;1167
335;1171
336;1174
337;1178
338;1181
339;1186
340;1188
341;1190
342;1192
343;1196
344;1197
345;1201
346;1205
347;1209
348;1211
349;1213
350;1215
351;1218
352;1222
353;1225
354;1226
355;1231
356;1232
357;1238
358;1242
359;1243
360;1250
361;1252
362;1253
363;1257
364;1259
365;1260
366;1265
367;1266
368;1272
369;1272
370;1272
371;1277
372;1279
373;1284
374;1287
375;1291
376;1295
377;1301
378;1302
379;1310
380;1311
381;1312
382;1317
383;1319
384;1320
385;1324
386;1329
387;1331
388;1334
389;1340
390;1346
391;1348
392;1349
393;1350
394;1352
395;1354
396;1357
397;1357
398;1362
399;1366
400;1371
401;1375
402;1380
403;1382
404;1387
405;1389
406;1393
407;1393
408;1394
409;1396
410;1396
411;1398
412;1400
413;1402
414;1405
415;1405
416;1406
417;1412
418;1415
419;1418
420;1421
421;1426
422;1428
423;1430
424;1434
425;1435
426;1435
427;1439
428;1443
429;1445
430;1447
431;1452
432;1453
433;1456
434;1459
435;1462
436;1462
437;1463
438;1466
439;1471
440;1474
441;1475
442;1477
443;1479
444;1482
445;1487
446;1489
447;1491
448;1493
449;1495
450;1496
451;1501
452;1503
453;1505
454;1507
455;1509
456;1511
457;1514
458;1516
459;1519
460;1520
461;1524
462;1528
463;1528
464;1529
465;1529
466;1530
467;1532
468;1533
469;1535
470;1536
471;1537
472;1538
473;1539
474;1541
475;1541
476;1541
477;1543
478;1545
479;1550
480;1553
481;1557
482;1559
483;1562
484;1565
485;1569
486;1570
487;1572
488;1574
489;1574
490;1575
491;1576
492;1578
493;1580
494;1582
495;1584
496;1586
497;1589
498;1590
499;1595
500;1595
501;1598
502;1599
503;1601
504;1604
505;1604
506;1607
507;1609
508;1611
509;1613
510;1616
511;1617
512;1620
513;1625
514;1627
515;1629
516;1630
517;1633
518;1634
519;1635
520;1639
521;1643
522;1645
523;1647
524;1650
525;1652
526;1653
527;1655
528;1656
529;1660
530;1660
531;1664
532;1667
533;1670
534;1672
535;1673
536;1674
537;1677
538;1677
539;1679
540;1681
541;1682
542;1685
543;1686
544;1687
545;1690
546;1691
547;1691
548;1693
549;1693
550;1696
551;1697
552;1697
553;1698
554;1700
555;1703
556;1704
557;1705
558;1706
559;1711
560;1714
561;1714
562;1718
563;1720
564;1723
565;1724
566;1727
567;1727
568;1728
569;1730
570;1733
571;1734
572;1736
573;1739
574;1740
575;1742
576;1743
577;1745
578;1745
579;1748
580;1750
581;1750
582;1751
583;1751
584;1751
585;1752
586;1753
587;1754
588;1755
589;1760
590;1763
591;1767
592;1770
593;1774
594;1776
595;1781
596;1786
597;1789
598;1791
599;1793
600;1793
601;1793
602;1793
603;1797
604;1797
605;1799
606;1801
607;1802
608;1804
609;1807
610;1810
611;1813
612;1815
613;1817
614;1818
615;1819
616;1819
617;1820
618;1824
619;1828
620;1829
621;1833
622;1835
623;1839
624;1840
625;1842
626;1845
627;1846
628;1847
629;1850
630;1850
631;1853
632;1856
633;1857
634;1859
635;1861
636;1861
637;1862
638;1864
639;1869
640;1872
641;1872
642;1875
643;1877
644;1880
645;1882
646;1885
647;1887
648;1890
649;1892
650;1894
651;1895
652;1896
653;1898
654;1901
655;1904
656;1908
657;1911
658;1912
659;1913
660;1914
661;1915
662;1915
663;1917
664;1917
665;1918
666;1920
667;1924
668;1926
669;1929
670;1930
671;1933
672;1934
673;1936
674;1937
675;1938
676;1939
677;1942
678;1946
679;1946
680;1951
681;1952
682;1955
683;1956
684;1958
685;1960
686;1963
687;1965
688;1967
689;1971
690;1971
691;1973
692;1974
693;1975
694;1977
695;1977
696;1979
697;1981
698;1981
699;1981
700;1982
701;1986
702;1989
703;1994
704;1995
705;1997
706;1998
707;2001
708;2003
709;2004
710;2006
711;2007
712;2009
713;2010
714;2010
715;2013
716;2014
717;2016
718;2017
719;2019
720;2023
721;2026
722;2027
723;2029
724;2030
725;2031
726;2031
727;2031
728;2034
729;2036
730;2037
731;2037
732;2038
733;2039
734;2042
735;2045
736;2046
737;2048
738;2049
739;2053
740;2055
741;2056
742;2056
743;2056
744;2058
745;2059
746;2060
747;2062
748;2064
749;2064
750;2067
751;2069
752;2073
753;2076
754;2079
755;2079
756;2082
757;2085
758;2088
759;2088
760;2090
761;2090
762;2091
763;2091
764;2091
765;2095
766;2097
767;2099
768;2101
769;2104
770;2107
771;2108
772;2111
773;2113
774;2114
775;2116
776;2118
777;2119
778;2121
779;2122
780;2122
781;2125
782;2128
783;2128
784;2131
785;2132
786;2132
787;2134
788;2136
789;2136
790;2137
791;2139
792;2144
793;2147
794;2149
795;2152
796;2154
797;2155
798;2156
799;2159
800;2161
801;2162
802;2164
803;2166
804;2167
805;2168
806;2168
807;2169
808;2169
809;2170
810;2174
811;2176
812;2179
813;2181
814;2181
815;2182
816;2183
817;2183
818;2183
819;2185
820;2185
821;2188
822;2189
823;2191
824;2194
825;2198
826;2198
827;2202
828;2202
829;2204
830;2208
831;2211
832;2215
833;2218
834;2219
835;2220
836;2222
837;2223
838;2224
839;2224
840;2225
841;2227
842;2228
843;2229
844;2230
845;2232
846;2232
847;2233
848;2235
849;2239
850;2241
851;2244
852;2244
853;2246
854;2248
855;2249
856;2252
857;2256
858;2258
859;2259
860;2262
861;2263
862;2264
863;2267
864;2268
865;2271
866;2272
867;2275
868;2275
869;2275
870;2276
871;2278
872;2280
873;2284
874;2285
875;2287
876;2288
877;2291
878;2292
879;2293
880;2295
881;2297
882;2300
883;2302
884;2302
885;2304
886;2305
887;2308
888;2314
889;2317
890;2319
891;2319
892;2319
893;2319
894;2320
895;2321
896;2322
897;2324
898;2325
899;2325
900;2329
901;2331
902;2332
903;2333
904;2336
905;2336
906;2339
907;2341
908;2345
909;2347
910;2348
911;2352
912;2356
913;2360
914;2361
915;2364
916;2365
917;2365
918;2367
919;2367
920;2367
921;2368
922;2368
923;2371
924;2371
925;2372
926;2374
927;2374
928;2374
929;2376
930;2377
931;2383
932;2383
933;2385
934;2389
935;2391
936;2394
937;2397
938;2399
939;2400
940;2400
941;2400
942;2402
943;2405
944;2405
945;2406
946;2407
947;2408
948;2411
949;2411
950;2411
951;2414
952;2415
953;2416
954;2423
955;2423
956;2423
957;2425
958;2425
959;2425
960;2426
961;2427
962;2428
963;2430
964;2433
965;2433
966;2435
967;2435
968;2437
969;2440
970;2443
971;2443
972;2445
973;2447
974;2449
975;2449
976;2450
977;2450
978;2451
979;2453
980;2455
981;2461
982;2463
983;2464
984;2468
985;2469
986;2470
987;2470
988;2471
989;2471
990;2472
991;2472
992;2473
993;2475
994;2478
995;2480
996;2481
997;2482
998;2486
999;2487
1000;2487
1001;2488
1002;2489
1003;2490
1004;2492
1005;2493
1006;2496
1007;2496
1008;2497
1009;2500
1010;2500
1011;2502
1012;2502
1013;2504
1014;2504
1015;2508
1016;2509
1017;2510
1018;2511
1019;2513
1020;2517
1021;2520
1022;2521
1023;2523
1024;2523
1025;2524
1026;2524
1027;2524
1028;2528
1029;2532
1030;2532
1031;2532
1032;2534
1033;2535
1034;2536
1035;2536
1036;2537
1037;2539
1038;2541
1039;2543
1040;2547
1041;2548
1042;2549
1043;2550
1044;2551
1045;2553
1046;2555
1047;2559
1048;2562
1049;2564
1050;2566
1051;2567
1052;2567
1053;2569
1054;2571
1055;2573
1056;2575
1057;2576
1058;2579
1059;2581
1060;2584
1061;2584
1062;2585
1063;2588
1064;2588
1065;2588
1066;2588
1067;2590
1068;2593
1069;2596
1070;2597
1071;2597
1072;2598
1073;2600
1074;2603
1075;2608
1076;2611
1077;2611
1078;2612
1079;2615
1080;2616
1081;2617
1082;2619
1083;2619
1084;2619
1085;2621
1086;2622
1087;2624
1088;2624
1089;2625
1090;2626
1091;2628
1092;2630
1093;2631
1094;2632
1095;2633
1096;2636
1097;2638
1098;2641
1099;2642
1100;2644
1101;2647
1102;2649
1103;2652
1104;2653
1105;2654
1106;2657
1107;2658
1108;2659
1109;2660
1110;2661
1111;2662
1112;2664
1113;2665
1114;2666
1115;2666
1116;2667
1117;2668
1118;2668
1119;2671
1120;2673
1121;2677
1122;2681
1123;2684
1124;2686
1125;2691
1126;2693
1127;2695
1128;2695
1129;2696
1130;2697
1131;2697
1132;2698
1133;2698
1134;2698
1135;2699
1136;2699
1137;2699
1138;2702
1139;2703
1140;2705
1141;2706
1142;2710
1143;2712
1144;2713
1145;2716
1146;2717
1147;2718
1148;2719
1149;2723
1150;2726
1151;2727
1152;2729
1153;2731
1154;2734
1155;2734
1156;2736
1157;2737
1158;2739
1159;2740
1160;2741
1161;2741
1162;2742
1163;2743
1164;2743
1165;2744
1166;2745
1167;2745
1168;2747
1169;2748
1170;2751
1171;2754
1172;2755
1173;2757
1174;2759
1175;2761
1176;2763
1177;2765
1178;2766
1179;2768
1180;2768
1181;2769
1182;2771
1183;2772
1184;2775
1185;2776
1186;2777
1187;2777
1188;2780
1189;2780
1190;2782
1191;2782
1192;2782
1193;2784
1194;2787
1195;2789
1196;2791
1197;2793
1198;2796
1199;2799
1200;2800
1201;2802
1202;2803
1203;2804
1204;2805
1205;2805
1206;2805
1207;2805
1208;2807
1209;2808
1210;2810
1211;2811
1212;2811
1213;2813
1214;2815
1215;2816
1216;2819
1217;2819
1218;2823
1219;2823
1220;2823
1221;2823
1222;2825
1223;2825
1224;2826
1225;2830
1226;2831
1227;2832
1228;2834
1229;2838
1230;2840
1231;2843
1232;2843
1233;2844
1234;2846
1235;2846
1236;2846
1237;2850
1238;2850
1239;2851
1240;2851
1241;2854
1242;2856
1243;2857
1244;2858
1245;2862
1246;2862
1247;2864
1248;2864
1249;2867
1250;2868
1251;2871
1252;2873
1253;2873
1254;2873
1255;2875
1256;2877
1257;2877
1258;2878
1259;2880
1260;2881
1261;2881
1262;2882
1263;2882
1264;2882
1265;2882
1266;2883
1267;2888
1268;2889
1269;2891
1270;2895
1271;2896
1272;2898
1273;2899
1274;2899
1275;2902
1276;2903
1277;2907
1278;2907
1279;2910
1280;2910
1281;2910
1282;2912
1283;2916
1284;2917
1285;2919
1286;2919
1287;2920
1288;2925
1289;2925
1290;2926
1291;2926
1292;2927
1293;2927
1294;2927
1295;2928
1296;2930
1297;2932
1298;2933
1299;2936
1300;2937
1301;2939
1302;2940
1303;2941
1304;2942
1305;2943
1306;2948
1307;2950
1308;2950
1309;2952
1310;2955
1311;2956
1312;2958
1313;2960
1314;2961
1315;2962
1316;2963
1317;2963
1318;2963
1319;2964
1320;2966
1321;2967
1322;2967
1323;2967
1324;2967
1325;2969
1326;2970
1327;2971
1328;2972
1329;2972
1330;2975
1331;2975
1332;2976
1333;2976
1334;2976
1335;2977
1336;2982
1337;2985
1338;2985
1339;2988
1340;2989
1341;2991
1342;2992
1343;2992
1344;2995
1345;2999
1346;2999
1347;3003
1348;3003
1349;3006
1350;3006
1351;3007
1352;3007
1353;3007
1354;3010
1355;3011
1356;3014
1357;3015
1358;3018
1359;3018
1360;3019
1361;3020
1362;3021
1363;3022
1364;3022
1365;3023
1366;3026
1367;3026
1368;3028
1369;3028
1370;3028
1371;3030
1372;3031
1373;3033
1374;3035
1375;3035
1376;3037
1377;3037
1378;3041
1379;3042
1380;3043
1381;3046
1382;3050
1383;3051
1384;3054
1385;3054
1386;3054
1387;3055
1388;3058
1389;3059
1390;3060
1391;3062
1392;3065
1393;3066
1394;3070
1395;3070
1396;3072
1397;3072
1398;3072
1399;3073
1400;3073
1401;3073
1402;3073
1403;3074
1404;3074
1405;3074
1406;3074
1407;3076
1408;3077
1409;3078
1410;3079
1411;3083
1412;3083
1413;3087
1414;3088
1415;3090
1416;3091
1417;3097
1418;3099
1419;3103
1420;3105
1421;3106
1422;3107
1423;3107
1424;3108
1425;3111
1426;3113
1427;3115
1428;3116
1429;3116
1430;3117
1431;3119
1432;3120
1433;3121
1434;3122
1435;3122
1436;3123
1437;3123
1438;3125
1439;3125
1440;3125
1441;3127
1442;3129
1443;3131
1444;3137
1445;3137
1446;3140
1447;3142
1448;3143
1449;3145
1450;3145
1451;3147
1452;3149
1453;3151
1454;3151
1455;3152
1456;3154
1457;3156
1458;3159
1459;3159
1460;3161
1461;3165
1462;3166
1463;3166
1464;3167
1465;3168
1466;3168
1467;3168
1468;3168
1469;3170
1470;3172
1471;3174
1472;3176
1473;3177
1474;3180
1475;3182
1476;3183
1477;3184
1478;3186
1479;3191
1480;3194
1481;3196
1482;3198
1483;3198
1484;3199
1485;3201
1486;3201
1487;3201
1488;3201
1489;3201
1490;3201
1491;3201
1492;3201
1493;3202
1494;3204
1495;3206
1496;3207
1497;3210
1498;3211
1499;3214
1500;3214
1501;3215
1502;3218
1503;3221
1504;3222
1505;3224
1506;3226
1507;3227
1508;3229
1509;3230
1510;3232
1511;3233
1512;3235
1513;3237
1514;3240
1515;3240
1516;3243
1517;3244
1518;3244
1519;3245
1520;3245
1521;3247
1522;3248
1523;3249
1524;3249
1525;3251
1526;3251
1527;3252
1528;3255
1529;3258
1530;3259
1531;3259
1532;3262
1533;3264
1534;3267
1535;3267
1536;3269
1537;3270
1538;3271
1539;3271
1540;3273
1541;3273
1542;3277
1543;3278
1544;3278
1545;3279
1546;3282
1547;3283
1548;3283
1549;3283
1550;3283
1551;3283
1552;3283
1553;3283
1554;3283
1555;3283
1556;3284
1557;3284
1558;3284
1559;3285
1560;3287
1561;3290
1562;3293
1563;3294
1564;3295
1565;3295
1566;3298
1567;3299
1568;3299
1569;3300
1570;3300
1571;3300
1572;3300
1573;3300
1574;3300
1575;3300
1576;3300
1577;3302
1578;3304
1579;3306
1580;3306
1581;3309
1582;3310
1583;3311
1584;3312
1585;3313
1586;3315
1587;3316
1588;3317
1589;3318
1590;3320
1591;3321
1592;3321
1593;3321
1594;3322
1595;3323
1596;3323
1597;3324
1598;3324
1599;3326
1600;3326
1601;3328
1602;3331
1603;3332
1604;3333
1605;3334
1606;3335
1607;3337
1608;3337
1609;3337
1610;3337
1611;3338
1612;3339
1613;3341
1614;3341
1615;3342
1616;3343
1617;3344
1618;3345
1619;3346
1620;3349
1621;3350
1622;3350
1623;3351
1624;3353
1625;3354
1626;3354
1627;3355
1628;3356
1629;3357
1630;3358
1631;3358
1632;3359
1633;3360
1634;3361
1635;3364
1636;3366
1637;3367
1638;3369
1639;3370
1640;3373
1641;3376
1642;3376
1643;3376
1644;3377
1645;3378
1646;3379
1647;3382
1648;3383
1649;3384
1650;3384
1651;3385
1652;3386
1653;3387
1654;3387
1655;3390
1656;3391
1657;3393
1658;3396
1659;3398
1660;3399
1661;3401
1662;3403
1663;3403
1664;3405
1665;3405
1666;3405
1667;3405
1668;3406
1669;3409
1670;3410
1671;3410
1672;3415
1673;3418
1674;3418
1675;3422
1676;3423
1677;3424
1678;3428
1679;3434
1680;3435
1681;3439
1682;3441
1683;3443
1684;3443
1685;3444
1686;3447
1687;3447
1688;3448
1689;3448
1690;3448
1691;3449
1692;3450
1693;3451
1694;3454
1695;3455
1696;3457
1697;3460
1698;3461
1699;3461
1700;3461
1701;3462
1702;3463
1703;3463
1704;3467
1705;3470
1706;3470
1707;3474
1708;3475
1709;3475
1710;3478
1711;3481
1712;3484
1713;3484
1714;3485
1715;3487
1716;3489
1717;3489
1718;3491
1719;3492
1720;3492
1721;3493
1722;3493
1723;3493
1724;3493
1725;3496
1726;3499
1727;3500
1728;3500
1729;3503
1730;3504
1731;3506
1732;3509
1733;3511
1734;3514
1735;3516
1736;3516
1737;3519
1738;3522
1739;3524
1740;3525
1741;3527
1742;3528
1743;3528
1744;3529
1745;3529
1746;3529
1747;3529
1748;3533
1749;3533
1750;3534
1751;3534
1752;3534
1753;3535
1754;3535
1755;3535
1756;3539
1757;3541
1758;3542
1759;3542
1760;3545
1761;3547
1762;3549
1763;3549
1764;3550
1765;3553
1766;3553
1767;3554
1768;3554
1769;3556
1770;3557
1771;3558
1772;3560
1773;3561
1774;3562
1775;3564
1776;3564
1777;3565
1778;3567
1779;3568
1780;3571
1781;3571
1782;3572
1783;3574
1784;3575
1785;3575
1786;3575
1787;3575
1788;3575
1789;3577
1790;3577
1791;3577
1792;3577
1793;3578
1794;3578
1795;3580
1796;3581
1797;3581
1798;3582
1799;3583
1800;3584
1801;3588
1802;3589
1803;3590
1804;3592
1805;3592
1806;3593
1807;3594
1808;3594
1809;3595
1810;3596
1811;3597
1812;3599
1813;3600
1814;3602
1815;3605
1816;3607
1817;3607
1818;3608
1819;3609
1820;3612
1821;3612
1822;3613
1823;3613
1824;3613
1825;3613
1826;3614
1827;3614
1828;3616
1829;3617
1830;3619
1831;3621
1832;3622
1833;3622
1834;3625
1835;3629
1836;3629
1837;3633
1838;3636
1839;3636
1840;3636
1841;3637
1842;3637
1843;3637
1844;3637
1845;3637
1846;3637
1847;3637
1848;3638
1849;3639
1850;3640
1851;3641
1852;3642
1853;3643
1854;3645
1855;3646
1856;3646
1857;3647
1858;3648
1859;3649
1860;3650
1861;3652
1862;3653
1863;3653
1864;3654
1865;3656
1866;3656
1867;3656
1868;3658
1869;3661
1870;3661
1871;3663
1872;3665
1873;3667
1874;3669
1875;3670
1876;3671
1877;3673
1878;3677
1879;3678
1880;3678
1881;3678
1882;3678
1883;3678
1884;3680
1885;3682
1886;3683
1887;3686
1888;3686
1889;3687
1890;3688
1891;3688
1892;3690
1893;3690
1894;3690
1895;3691
1896;3694
1897;3694
1898;3695
1899;3695
1900;3697
1901;3699
1902;3699
1903;3702
1904;3705
1905;3707
1906;3708
1907;3709
1908;3710
1909;3710
1910;3713
1911;3718
1912;3720
1913;3721
1914;3722
1915;3723
1916;3724
1917;3725
1918;3727
1919;3728
1920;3729
1921;3732
1922;3732
1923;3732
1924;3733
1925;3734
1926;3736
1927;3736
1928;3736
1929;3736
1930;3736
1931;3739
1932;3739
1933;3740
1934;3743
1935;3744
1936;3746
1937;3746
1938;3748
1939;3749
1940;3751
1941;3751
1942;3753
1943;3756
1944;3760
1945;3761
1946;3763
1947;3764
1948;3767
1949;3769
1950;3769
1951;3771
1952;3771
1953;3775
1954;3775
1955;3777
1956;3779
1957;3779
1958;3780
1959;3781
1960;3782
1961;3783
1962;3784
1963;3784
1964;3785
1965;3787
1966;3788
1967;3790
1968;3792
1969;3792
1970;3794
1971;3795
1972;3796
1973;3798
1974;3800
1975;3800
1976;3801
1977;3805
1978;3807
1979;3807
1980;3808
1981;3809
1982;3813
1983;3816
1984;3818
1985;3819
1986;3820
1987;3824
1988;3825
1989;3825
1990;3827
1991;3829
1992;3830
1993;3831
1994;3836
1995;3836
1996;3836
1997;3838
1998;3839
1999;3839
2000;3840
2001;3842
2002;3842
2003;3843
2004;3844
2005;3845
2006;3847
2007;3847
2008;3848
2009;3849
2010;3853
2011;3853
2012;3859
2013;3859
2014;3862
2015;3862
2016;3862
2017;3863
2018;3866
2019;3870
2020;3870
2021;3870
2022;3873
2023;3873
2024;3873
2025;3873
2026;3878
2027;3879
2028;3879
2029;3880
2030;3883
2031;3885
2032;3885
2033;3886
2034;3886
2035;3887
2036;3888
2037;3888
2038;3888
2039;3888
2040;3890
2041;3890
2042;3890
2043;3890
2044;3890
2045;3890
2046;3891
2047;3891
2048;3891
2049;3891
2050;3892
2051;3894
2052;3894
2053;3895
2054;3896
2055;3897
2056;3899
2057;3902
2058;3902
2059;3903
2060;3905
2061;3907
2062;3907
2063;3907
2064;3908
2065;3912
2066;3913
2067;3914
2068;3915
2069;3918
2070;3920
2071;3922
2072;3924
2073;3927
2074;3928
2075;3928
2076;3931
2077;3932
2078;3932
2079;3934
2080;3935
2081;3935
2082;3935
2083;3936
2084;3937
2085;3937
2086;3937
2087;3937
2088;3938
2089;3938
2090;3939
2091;3939
2092;3939
2093;3940
2094;3940
2095;3941
2096;3941
2097;3941
2098;3942
2099;3942
2100;3942
2101;3943
2102;3944
2103;3946
2104;3946
2105;3946
2106;3946
2107;3947
2108;3948
2109;3948
2110;3948
2111;3949
2112;3949
2113;3949
2114;3951
2115;3951
2116;3952
2117;3953
2118;3953
2119;3954
2120;3955
2121;3955
2122;3957
2123;3958
2124;3959
2125;3961
2126;3962
2127;3962
2128;3963
2129;3964
2130;3964
2131;3964
2132;3964
2133;3964
2134;3965
2135;3965
2136;3966
2137;3967
2138;3967
2139;3967
2140;3967
2141;3967
2142;3967
2143;3967
2144;3967
2145;3969
2146;3970
2147;3971
2148;3973
2149;3973
2150;3976
2151;3978
2152;3978
2153;3979
2154;3982
2155;3983
2156;3985
2157;3985
2158;3986
2159;3987
2160;3988
2161;3989
2162;3991
2163;3991
2164;3991
2165;3991
2166;3991
2167;3992
2168;3992
2169;3992
2170;3992
2171;3992
2172;3992
2173;3992
2174;3993
2175;3993
2176;3994
2177;3995
2178;3996
2179;3997
2180;3997
2181;3998
2182;4000
2183;4000
2184;4000
2185;4001
2186;4001
2187;4001
2188;4001
2189;4001
2190;4001
2191;4001
2192;4003
2193;4005
2194;4005
2195;4005
2196;4005
2197;4006
2198;4007
2199;4009
2200;4010
2201;4012
2202;4012
2203;4013
2204;4014
2205;4014
2206;4015
2207;4015
2208;4016
2209;4017
2210;4019
2211;4020
2212;4021
2213;4022
2214;4022
2215;4023
2216;4023
2217;4023
2218;4025
2219;4026
2220;4027
2221;4027
2222;4028
2223;4029
2224;4030
2225;4032
2226;4034
2227;4037
2228;4037
2229;4038
2230;4039
2231;4039
2232;4042
2233;4043
2234;4044
2235;4045
2236;4047
2237;4047
2238;4049
2239;4049
2240;4050
2241;4050
2242;4052
2243;4052
2244;4053
2245;4053
2246;4054
2247;4056
2248;4056
2249;4056
2250;4056
2251;4058
2252;4058
2253;4059
2254;4061
2255;4062
2256;4065
2257;4066
2258;4067
2259;4068
2260;4068
2261;4068
2262;4068
2263;4068
2264;4068
2265;4069
2266;4070
2267;4070
2268;4070
2269;4071
2270;4072
2271;4074
2272;4075
2273;4075
2274;4075
2275;4075
2276;4076
2277;4076
2278;4076
2279;4077
2280;4077
2281;4077
2282;4078
2283;4078
2284;4079
2285;4082
2286;4084
2287;4084
2288;4086
2289;4091
2290;4093
2291;4093
2292;4093
2293;4093
2294;4093
2295;4094
2296;4094
2297;4094
2298;4095
2299;4096
2300;4096
2301;4097
2302;4097
2303;4099
2304;4099
2305;4099
2306;4100
2307;4101
2308;4101
2309;4102
2310;4103
2311;4103
2312;4105
2313;4105
2314;4106
2315;4107
2316;4108
2317;4109
2318;4109
2319;4110
2320;4110
2321;4112
2322;4112
2323;4112
2324;4112
2325;4113
2326;4116
2327;4118
2328;4118
2329;4118
2330;4118
2331;4119
2332;4119
2333;4120
2334;4120
2335;4121
2336;4122
2337;4123
2338;4123
2339;4123
2340;4123
2341;4123
2342;4124
2343;4124
2344;4125
2345;4126
2346;4126
2347;4128
2348;4129
2349;4130
2350;4132
2351;4132
2352;4132
2353;4133
2354;4134
2355;4134
2356;4135
2357;4138
2358;4138
2359;4139
2360;4140
2361;4141
2362;4141
2363;4142
2364;4142
2365;4143
2366;4144
2367;4145
2368;4145
2369;4145
2370;4148
2371;4148
2372;4148
2373;4148
2374;4149
2375;4150
2376;4151
2377;4151
2378;4153
2379;4154
2380;4155
2381;4157
2382;4157
2383;4158
2384;4159
2385;4159
2386;4159
2387;4159
2388;4159
2389;4159
2390;4161
2391;4161
2392;4161
2393;4161
2394;4161
2395;4162
2396;4163
2397;4165
2398;4166
2399;4167
2400;4168
2401;4170
2402;4171
2403;4171
2404;4171
2405;4171
2406;4171
2407;4172
2408;4172
2409;4172
2410;4173
2411;4174
2412;4174
2413;4175
2414;4176
2415;4176
2416;4177
2417;4177
2418;4178
2419;4178
2420;4179
2421;4180
2422;4180
2423;4181
2424;4181
2425;4182
2426;4183
2427;4184
2428;4185
2429;4185
2430;4185
2431;4188
2432;4189
2433;4189
2434;4190
2435;4190
2436;4190
2437;4192
2438;4194
2439;4195
2440;4195
2441;4195
2442;4196
2443;4196
2444;4197
2445;4197
2446;4198
2447;4199
2448;4199
2449;4199
2450;4199
2451;4200
2452;4201
2453;4202
2454;4202
2455;4202
2456;4202
2457;4202
2458;4202
2459;4202
2460;4202
2461;4202
2462;4202
2463;4202
2464;4204
2465;4204
2466;4206
2467;4206
2468;4207
2469;4207
2470;4208
2471;4208
2472;4208
2473;4210
2474;4211
2475;4211
2476;4211
2477;4215
2478;4215
2479;4216
2480;4216
2481;4217
2482;4217
2483;4218
2484;4218
2485;4218
2486;4218
2487;4219
2488;4219
2489;4219
2490;4220
2491;4221
2492;4222
2493;4222
2494;4224
2495;4225
2496;4227
2497;4228
2498;4228
2499;4228
2500;4229
2501;4229
2502;4230
2503;4231
2504;4231
2505;4231
2506;4233
2507;4235
2508;4236
2509;4236
2510;4236
2511;4238
2512;4239
2513;4240
2514;4242
2515;4243
2516;4243
2517;4244
2518;4245
2519;4245
2520;4246
2521;4246
2522;4247
2523;4247
2524;4247
2525;4248
2526;4248
2527;4249
2528;4250
2529;4250
2530;4251
2531;4251
2532;4251
2533;4252
2534;4253
2535;4254
2536;4254
2537;4254
2538;4255
2539;4256
2540;4257
2541;4259
2542;4260
2543;4260
2544;4260
2545;4261
2546;4261
2547;4261
2548;4262
2549;4263
2550;4263
2551;4265
2552;4265
2553;4265
2554;4265
2555;4266
2556;4266
2557;4267
2558;4267
2559;4269
2560;4270
2561;4274
2562;4275
2563;4276
2564;4279
2565;4279
2566;4281
2567;4282
2568;4283
2569;4283
2570;4283
2571;4283
2572;4283
2573;4284
2574;4284
2575;4285
2576;4286
2577;4287
2578;4287
2579;4289
2580;4289
2581;4290
2582;4290
2583;4290
2584;4293
2585;4295
2586;4296
2587;4296
2588;4298
2589;4298
2590;4299
2591;4299
2592;4299
2593;4299
2594;4300
2595;4302
2596;4304
2597;4304
2598;4304
2599;4304
2600;4304
2601;4306
2602;4307
2603;4307
2604;4307
2605;4307
2606;4308
2607;4308
2608;4308
2609;4309
2610;4309
2611;4310
2612;4310
2613;4310
2614;4310
2615;4310
2616;4310
2617;4311
2618;4311
2619;4311
2620;4313
2621;4314
2622;4315
2623;4316
2624;4317
2625;4317
2626;4318
2627;4318
2628;4319
2629;4320
2630;4320
2631;4321
2632;4323
2633;4323
2634;4324
2635;4324
2636;4324
2637;4325
2638;4325
2639;4325
2640;4326
2641;4327
2642;4327
2643;4328
2644;4329
2645;4330
2646;4331
2647;4333
2648;4333
2649;4334
2650;4334
2651;4334
2652;4335
2653;4335
2654;4336
2655;4336
2656;4336
2657;4336
2658;4336
2659;4336
2660;4337
2661;4337
2662;4338
2663;4338
2664;4339
2665;4339
2666;4340
2667;4340
2668;4340
2669;4340
2670;4340
2671;4340
2672;4340
2673;4341
2674;4342
2675;4342
2676;4343
2677;4343
2678;4344
2679;4344
2680;4346
2681;4347
2682;4348
2683;4349
2684;4351
2685;4351
2686;4351
2687;4351
2688;4352
2689;4352
2690;4352
2691;4352
2692;4353
2693;4353
2694;4353
2695;4354
2696;4354
2697;4354
2698;4354
2699;4354
2700;4354
2701;4354
2702;4354
2703;4354
2704;4354
2705;4354
2706;4354
2707;4354
2708;4354
2709;4354
2710;4354
2711;4354
2712;4354
2713;4354
2714;4354
2715;4354
2716;4354
2717;4355
2718;4358
2719;4358
2720;4359
2721;4359
2722;4360
2723;4360
2724;4360
2725;4360
2726;4360
2727;4361
2728;4362
2729;4362
2730;4363
2731;4363
2732;4363
2733;4363
2734;4363
2735;4363
2736;4363
2737;4363
2738;4363
2739;4364
2740;4364
2741;4366
2742;4367
2743;4368
2744;4369
2745;4369
2746;4369
2747;4369
2748;4370
2749;4370
2750;4371
2751;4373
2752;4373
2753;4373
2754;4373
2755;4373
2756;4374
2757;4375
2758;4376
2759;4376
2760;4377
2761;4378
2762;4378
2763;4378
2764;4378
2765;4378
2766;4378
2767;4378
2768;4379
2769;4379
2770;4380
2771;4380
2772;4381
2773;4381
2774;4381
2775;4382
2776;4382
2777;4383
2778;4384
2779;4384
2780;4385
2781;4385
2782;4387
2783;4387
2784;4388
2785;4390
2786;4390
2787;4391
2788;4391
2789;4391
2790;4392
2791;4392
2792;4393
2793;4394
2794;4394
2795;4395
2796;4395
2797;4395
2798;4395
2799;4395
2800;4395
2801;4395
2802;4396
2803;4397
2804;4397
2805;4397
2806;4397
2807;4397
2808;4397
2809;4397
2810;4397
2811;4399
2812;4400
2813;4400
2814;4402
2815;4402
2816;4408
2817;4408
2818;4410
2819;4410
2820;4410
2821;4410
2822;4411
2823;4411
2824;4412
2825;4412
2826;4412
2827;4412
2828;4413
2829;4413
2830;4413
2831;4413
2832;4413
2833;4413
2834;4413
2835;4417
2836;4419
2837;4420
2838;4420
2839;4421
2840;4421
2841;4421
2842;4421
2843;4422
2844;4422
2845;4423
2846;4424
2847;4425
2848;4425
2849;4427
2850;4428
2851;4428
2852;4428
2853;4428
2854;4429
2855;4429
2856;4431
2857;4431
2858;4433
2859;4435
2860;4435
2861;4436
2862;4437
2863;4437
2864;4437
2865;4437
2866;4437
2867;4437
2868;4437
2869;4437
2870;4438
2871;4438
2872;4438
2873;4438
2874;4438
2875;4438
2876;4438
2877;4439
2878;4439
2879;4439
2880;4439
2881;4439
2882;4439
2883;4439
2884;4439
2885;4440
2886;4440
2887;4440
2888;4440
2889;4442
2890;4442
2891;4442
2892;4442
2893;4443
2894;4444
2895;4444
2896;4445
2897;4445
2898;4445
2899;4445
2900;4446
2901;4446
2902;4446
2903;4446
2904;4447
2905;4448
2906;4448
2907;4448
2908;4449
2909;4450
2910;4450
2911;4451
2912;4452
2913;4453
2914;4453
2915;4454
2916;4454
2917;4455
2918;4455
2919;4455
2920;4455
2921;4455
2922;4455
2923;4456
2924;4457
2925;4457
2926;4457
2927;4457
2928;4457
2929;4457
2930;4457
2931;4459
2932;4459
2933;4459
2934;4459
2935;4460
2936;4462
2937;4462
2938;4462
2939;4465
2940;4466
2941;4467
2942;4468
2943;4468
2944;4468
2945;4469
2946;4470
2947;4471
2948;4472
2949;4473
2950;4475
2951;4476
2952;4477
2953;4479
2954;4479
2955;4480
2956;4480
2957;4480
2958;4480
2959;4480
2960;4480
2961;4481
2962;4481
2963;4482
2964;4482
2965;4482
2966;4482
2967;4483
2968;4484
2969;4484
2970;4486
2971;4486
2972;4487
2973;4488
2974;4488
2975;4488
2976;4488
2977;4488
2978;4488
2979;4488
2980;4488
2981;4488
2982;4488
2983;4488
2984;4488
2985;4488
2986;4491
2987;4492
2988;4493
2989;4494
2990;4495
2991;4499
2992;4500
2993;4501
2994;4502
2995;4504
2996;4504
2997;4504
2998;4504
2999;4504
3000;4504
3001;4504
3002;4504
3003;4504
3004;4504
3005;4504
3006;4504
3007;4504
3008;4504
3009;4504
3010;4505
3011;4505
3012;4505
3013;4506
3014;4506
3015;4506
3016;4507
3017;4507
3018;4507
3019;4507
3020;4507
3021;4508
3022;4508
3023;4508
3024;4508
3025;4510
3026;4512
3027;4512
3028;4512
3029;4512
3030;4513
3031;4513
3032;4514
3033;4514
3034;4515
3035;4515
3036;4515
3037;4515
3038;4515
3039;4515
3040;4515
3041;4516
3042;4517
3043;4517
3044;4518
3045;4519
3046;4519
3047;4519
3048;4520
3049;4521
3050;4521
3051;4521
3052;4521
3053;4521
3054;4523
3055;4523
3056;4525
3057;4525
3058;4525
3059;4525
3060;4525
3061;4526
3062;4528
3063;4531
3064;4532
3065;4533
3066;4533
3067;4533
3068;4535
3069;4535
3070;4537
3071;4537
3072;4537
3073;4539
3074;4539
3075;4539
3076;4539
3077;4539
3078;4540
3079;4541
3080;4541
3081;4541
3082;4541
3083;4541
3084;4541
3085;4541
3086;4541
3087;4542
3088;4542
3089;4542
3090;4543
3091;4543
3092;4543
3093;4543
3094;4543
3095;4543
3096;4543
3097;4543
3098;4543
3099;4544
3100;4545
3101;4547
3102;4547
3103;4547
3104;4549
3105;4549
3106;4550
3107;4551
3108;4551
3109;4551
3110;4551
3111;4553
3112;4554
3113;4555
3114;4555
3115;4555
3116;4556
3117;4558
3118;4559
3119;4559
3120;4560
3121;4561
3122;4561
3123;4561
3124;4561
3125;4562
3126;4562
3127;4563
3128;4564
3129;4565
3130;4565
3131;4565
3132;4565
3133;4565
3134;4565
3135;4565
3136;4565
3137;4565
3138;4565
3139;4565
3140;4566
3141;4566
3142;4567
3143;4567
3144;4568
3145;4570
3146;4571
3147;4572
3148;4573
3149;4574
3150;4575
3151;4575
3152;4575
3153;4576
3154;4576
3155;4576
3156;4577
3157;4577
3158;4577
3159;4578
3160;4579
3161;4579
3162;4579
3163;4579
3164;4580
3165;4582
3166;4583
3167;4583
3168;4583
3169;4583
3170;4583
3171;4583
3172;4584
3173;4585
3174;4587
3175;4588
3176;4588
3177;4588
3178;4589
3179;4589
3180;4589
3181;4589
3182;4590
3183;4591
3184;4591
3185;4591
3186;4591
3187;4591
3188;4591
3189;4591
3190;4592
3191;4592
3192;4594
3193;4596
3194;4596
3195;4596
3196;4596
3197;4597
3198;4597
3199;4597
3200;4598
3201;4598
3202;4598
3203;4598
3204;4599
3205;4599
3206;4601
3207;4601
3208;4601
3209;4602
3210;4602
3211;4602
3212;4602
3213;4602
3214;4602
3215;4604
3216;4604
3217;4604
3218;4605
3219;4606
3220;4607
3221;4607
3222;4608
3223;4609
3224;4609
3225;4609
3226;4610
3227;4610
3228;4610
3229;4611
3230;4612
3231;4612
3232;4612
3233;4613
3234;4614
3235;4615
3236;4616
3237;4616
3238;4616
3239;4616
3240;4618
3241;4620
3242;4620
3243;4620
3244;4623
3245;4623
3246;4624
3247;4624
3248;4624
3249;4624
3250;4624
3251;4625
3252;4625
3253;4626
3254;4626
3255;4627
3256;4627
3257;4627
3258;4627
3259;4627
3260;4627
3261;4627
3262;4627
3263;4627
3264;4629
3265;4629
3266;4629
3267;4630
3268;4631
3269;4631
3270;4632
3271;4632
3272;4632
3273;4632
3274;4632
3275;4632
3276;4632
3277;4632
3278;4632
3279;4632
3280;4632
3281;4632
3282;4633
3283;4633
3284;4633
3285;4633
3286;4633
3287;4634
3288;4635
3289;4635
3290;4636
3291;4637
3292;4637
3293;4637
3294;4637
3295;4637
3296;4637
3297;4637
3298;4637
3299;4637
3300;4637
3301;4638
3302;4639
3303;4642
3304;4644
3305;4644
3306;4645
3307;4646
3308;4648
3309;4648
3310;4649
3311;4651
3312;4651
3313;4651
3314;4652
3315;4652
3316;4654
3317;4654
3318;4654
3319;4654
3320;4655
3321;4657
3322;4657
3323;4657
3324;4657
3325;4657
3326;4657
3327;4657
3328;4657
3329;4657
3330;4657
3331;4658
3332;4660
3333;4661
3334;4661
3335;4661
3336;4661
3337;4661
3338;4662
3339;4662
3340;4663
3341;4663
3342;4663
3343;4664
3344;4664
3345;4667
3346;4667
3347;4667
3348;4667
3349;4667
3350;4668
3351;4668
3352;4668
3353;4668
3354;4668
3355;4668
3356;4670
3357;4670
3358;4673
3359;4674
3360;4674
3361;4674
3362;4676
3363;4677
3364;4677
3365;4677
3366;4677
3367;4678
3368;4678
3369;4680
3370;4682
3371;4683
3372;4683
3373;4684
3374;4684
3375;4684
3376;4685
3377;4685
3378;4685
3379;4686
3380;4686
3381;4686
3382;4686
3383;4686
3384;4686
3385;4686
3386;4688
3387;4688
3388;4689
3389;4690
3390;4690
3391;4691
3392;4691
3393;4692
3394;4692
3395;4692
3396;4693
3397;4693
3398;4694
3399;4694
3400;4694
3401;4694
3402;4695
3403;4696
3404;4696
3405;4696
3406;4696
3407;4697
3408;4697
3409;4698
3410;4698
3411;4701
3412;4701
3413;4701
3414;4701
3415;4703
3416;4704
3417;4704
3418;4704
3419;4704
3420;4705
3421;4705
3422;4705
3423;4705
3424;4705
3425;4705
3426;4705
3427;4705
3428;4705
3429;4705
3430;4705
3431;4705
3432;4706
3433;4706
3434;4706
3435;4706
3436;4706
3437;4708
3438;4708
3439;4708
3440;4708
3441;4708
3442;4709
3443;4709
3444;4709
3445;4709
3446;4710
3447;4711
3448;4711
3449;4711
3450;4714
3451;4714
3452;4714
3453;4714
3454;4715
3455;4715
3456;4715
3457;4716
3458;4716
3459;4716
3460;4716
3461;4716
3462;4716
3463;4716
3464;4716
3465;4716
3466;4716
3467;4716
3468;4717
3469;4717
3470;4718
3471;4718
3472;4721
3473;4722
3474;4722
3475;4722
3476;4723
3477;4724
3478;4724
3479;4724
3480;4725
3481;4726
3482;4726
3483;4727
3484;4727
3485;4728
3486;4728
3487;4729
3488;4729
3489;4729
3490;4729
3491;4730
3492;4732
3493;4733
3494;4734
3495;4734
3496;4736
3497;4736
3498;4738
3499;4740
3500;4741
3501;4741
3502;4741
3503;4741
3504;4742
3505;4742
3506;4742
3507;4742
3508;4742
3509;4742
3510;4742
3511;4742
3512;4742
3513;4742
3514;4743
3515;4743
3516;4743
3517;4744
3518;4744
3519;4745
3520;4745
3521;4745
3522;4746
3523;4746
3524;4746
3525;4746
3526;4747
3527;4747
3528;4747
3529;4747
3530;4747
3531;4747
3532;4747
3533;4747
3534;4747
3535;4747
3536;4748
3537;4749
3538;4749
3539;4749
3540;4749
3541;4749
3542;4750
3543;4750
3544;4750
3545;4751
3546;4752
3547;4752
3548;4753
3549;4753
3550;4753
3551;4753
3552;4753
3553;4753
3554;4753
3555;4754
3556;4755
3557;4755
3558;4755
3559;4755
3560;4756
3561;4756
3562;4757
3563;4757
3564;4758
3565;4758
3566;4758
3567;4759
3568;4760
3569;4761
3570;4761
3571;4761
3572;4761
3573;4761
3574;4761
3575;4762
3576;4763
3577;4764
3578;4766
3579;4766
3580;4766
3581;4766
3582;4767
3583;4768
3584;4769
3585;4769
3586;4769
3587;4769
3588;4771
3589;4775
3590;4776
3591;4777
3592;4777
3593;4780
3594;4780
3595;4780
3596;4781
3597;4781
3598;4781
3599;4781
3600;4781
3601;4781
3602;4781
3603;4782
3604;4783
3605;4783
3606;4784
3607;4784
3608;4784
3609;4785
3610;4785
3611;4785
3612;4787
3613;4787
3614;4788
3615;4788
3616;4788
3617;4789
3618;4789
3619;4789
3620;4790
3621;4791
3622;4792
3623;4793
3624;4795
3625;4796
3626;4796
3627;4797
3628;4797
3629;4797
3630;4797
3631;4797
3632;4797
3633;4797
3634;4797
3635;4798
3636;4798
3637;4798
3638;4798
3639;4798
3640;4798
3641;4798
3642;4798
3643;4799
3644;4799
3645;4799
3646;4799
3647;4799
3648;4801
3649;4802
3650;4803
3651;4803
3652;4804
3653;4804
3654;4804
3655;4804
3656;4804
3657;4804
3658;4804
3659;4805
3660;4807
3661;4808
3662;4808
3663;4808
3664;4808
3665;4808
3666;4808
3667;4809
3668;4810
3669;4811
3670;4811
3671;4811
3672;4811
3673;4811
3674;4811
3675;4811
3676;4812
3677;4815
3678;4815
3679;4815
3680;4816
3681;4816
3682;4816
3683;4816
3684;4816
3685;4816
3686;4817
3687;4817
3688;4818
3689;4818
3690;4818
3691;4818
3692;4818
3693;4818
3694;4819
3695;4819
3696;4821
3697;4821
3698;4821
3699;4822
3700;4822
3701;4822
3702;4822
3703;4822
3704;4822
3705;4822
3706;4822
3707;4824
3708;4824
3709;4826
3710;4826
3711;4827
3712;4828
3713;4829
3714;4829
3715;4830
3716;4830
3717;4830
3718;4830
3719;4830
3720;4830
3721;4830
3722;4830
3723;4830
3724;4830
3725;4830
3726;4830
3727;4830
3728;4832
3729;4833
3730;4833
3731;4833
3732;4833
3733;4833
3734;4833
3735;4833
3736;4834
3737;4834
3738;4834
3739;4834
3740;4834
3741;4834
3742;4834
3743;4834
3744;4834
3745;4834
3746;4834
3747;4834
3748;4835
3749;4835
3750;4836
3751;4837
3752;4839
3753;4841
3754;4841
3755;4841
3756;4841
3757;4841
3758;4843
3759;4843
3760;4843
3761;4843
3762;4843
3763;4843
3764;4843
3765;4843
3766;4843
3767;4843
3768;4844
3769;4845
3770;4845
3771;4845
3772;4846
3773;4847
3774;4847
3775;4847
3776;4847
3777;4849
3778;4849
3779;4849
3780;4850
3781;4851
3782;4851
3783;4851
3784;4851
3785;4851
3786;4851
3787;4852
3788;4853
3789;4854
3790;4854
3791;4854
3792;4855
3793;4855
3794;4855
3795;4855
3796;4855
3797;4855
3798;4857
3799;4858
3800;4858
3801;4858
3802;4858
3803;4858
3804;4860
3805;4862
3806;4862
3807;4864
3808;4866
3809;4866
3810;4868
3811;4868
3812;4868
3813;4869
3814;4869
3815;4869
3816;4870
3817;4870
3818;4872
3819;4872
3820;4872
3821;4873
3822;4873
3823;4873
3824;4873
3825;4873
3826;4873
3827;4874
3828;4874
3829;4874
3830;4875
3831;4875
3832;4875
3833;4875
3834;4875
3835;4875
3836;4875
3837;4876
3838;4876
3839;4876
3840;4876
3841;4876
3842;4876
3843;4876
3844;4876
3845;4877
3846;4877
3847;4878
3848;4879
3849;4880
3850;4880
3851;4881
3852;4881
3853;4882
3854;4882
3855;4882
3856;4882
3857;4883
3858;4884
3859;4884
3860;4884
3861;4885
3862;4886
3863;4886
3864;4886
3865;4888
3866;4888
3867;4889
3868;4889
3869;4890
3870;4892
3871;4893
3872;4893
3873;4893
3874;4894
3875;4894
3876;4895
3877;4896
3878;4897
3879;4898
3880;4900
3881;4900
3882;4900
3883;4901
3884;4902
3885;4902
3886;4902
3887;4902
3888;4903
3889;4903
3890;4903
3891;4903
3892;4904
3893;4904
3894;4906
3895;4908
3896;4909
3897;4910
3898;4911
3899;4911
3900;4911
3901;4911
3902;4911
3903;4911
3904;4911
3905;4911
3906;4911
3907;4912
3908;4913
3909;4913
3910;4913
3911;4914
3912;4914
3913;4916
3914;4917
3915;4917
3916;4917
3917;4917
3918;4918
3919;4918
3920;4918
3921;4919
3922;4920
3923;4921
3924;4921
3925;4921
3926;4921
3927;4921
3928;4921
3929;4921
3930;4921
3931;4922
3932;4922
3933;4922
3934;4922
3935;4923
3936;4924
3937;4925
3938;4925
3939;4925
3940;4926
3941;4926
3942;4927
3943;4927
3944;4927
3945;4928
3946;4928
3947;4928
3948;4928
3949;4928
3950;4928
3951;4929
3952;4929
3953;4929
3954;4931
3955;4932
3956;4932
3957;4932
3958;4932
3959;4932
3960;4934
3961;4936
3962;4938
3963;4938
3964;4939
3965;4939
3966;4939
3967;4940
3968;4940
3969;4940
3970;4940
3971;4940
3972;4941
3973;4942
3974;4942
3975;4942
3976;4942
3977;4942
3978;4943
3979;4946
3980;4946
3981;4947
3982;4948
3983;4949
3984;4952
3985;4952
3986;4952
3987;4953
3988;4954
3989;4954
3990;4954
3991;4955
3992;4955
3993;4956
3994;4956
3995;4956
3996;4956
3997;4957
3998;4957
3999;4957
4000;4959
4001;4959
4002;4960
4003;4961
4004;4961
4005;4961
4006;4961
4007;4961
4008;4961
4009;4961
4010;4961
4011;4961
4012;4961
4013;4961
4014;4961
4015;4961
4016;4961
4017;4961
4018;4961
4019;4961
4020;4961
4021;4962
4022;4962
4023;4962
4024;4962
4025;4962
4026;4962
4027;4962
4028;4962
4029;4962
4030;4962
4031;4962
4032;4962
4033;4962
4034;4962
4035;4963
4036;4963
4037;4963
4038;4963
4039;4963
4040;4963
4041;4963
4042;4963
4043;4964
4044;4964
4045;4965
4046;4965
4047;4966
4048;4966
4049;4966
4050;4966
4051;4966
4052;4966
4053;4968
4054;4968
4055;4968
4056;4970
4057;4970
4058;4970
4059;4970
4060;4971
4061;4971
4062;4971
4063;4971
4064;4972
4065;4973
4066;4973
4067;4973
4068;4974
4069;4975
4070;4977
4071;4977
4072;4977
4073;4977
4074;4977
4075;4978
4076;4978
4077;4981
4078;4982
4079;4982
4080;4983
4081;4983
4082;4983
4083;4983
4084;4983
4085;4984
4086;4984
4087;4984
4088;4984
4089;4985
4090;4985
4091;4985
4092;4985
4093;4985
4094;4985
4095;4985
4096;4985
4097;4985
4098;4986
4099;4987
4100;4987
4101;4987
4102;4987
4103;4988
4104;4988
4105;4989
4106;4989
4107;4989
4108;4989
4109;4989
4110;4989
4111;4989
4112;4989
4113;4989
4114;4989
4115;4989
4116;4989
4117;4989
4118;4989
4119;4989
4120;4989
4121;4989
4122;4989
4123;4989
4124;4990
4125;4990
4126;4990
4127;4991
4128;4992
4129;4992
4130;4992
4131;4992
4132;4993
4133;4994
4134;4994
4135;4995
4136;4995
4137;4996
4138;4996
4139;4996
4140;4996
4141;4996
4142;4996
4143;4996
4144;4996
4145;4997
4146;4997
4147;4997
4148;4998
4149;4998
4150;4998
4151;4998
4152;4999
4153;4999
4154;4999
4155;4999
4156;4999
4157;4999
4158;5000
4159;5000
4160;5002
4161;5002
4162;5002
4163;5002
4164;5002
4165;5002
4166;5002
4167;5003
4168;5003
4169;5003
4170;5004
4171;5004
4172;5004
4173;5004
4174;5005
4175;5005
4176;5005
4177;5005
4178;5005
4179;5005
4180;5005
4181;5005
4182;5005
4183;5005
4184;5005
4185;5006
4186;5006
4187;5006
4188;5006
4189;5008
4190;5008
4191;5009
4192;5009
4193;5009
4194;5010
4195;5010
4196;5010
4197;5010
4198;5010
4199;5010
4200;5010
4201;5010
4202;5010
4203;5011
4204;5011
4205;5011
4206;5011
4207;5011
4208;5012
4209;5012
4210;5012
4211;5012
4212;5013
4213;5013
4214;5013
4215;5014
4216;5016
4217;5016
4218;5016
4219;5016
4220;5016
4221;5016
4222;5016
4223;5016
4224;5016
4225;5016
4226;5016
4227;5017
4228;5017
4229;5017
4230;5017
4231;5017
4232;5017
4233;5017
4234;5017
4235;5017
4236;5017
4237;5017
4238;5017
4239;5017
4240;5017
4241;5017
4242;5018
4243;5018
4244;5018
4245;5018
4246;5018
4247;5018
4248;5018
4249;5018
4250;5018
4251;5018
4252;5018
4253;5018
4254;5018
4255;5018
4256;5018
4257;5018
4258;5018
4259;5018
4260;5018
4261;5018
4262;5020
4263;5020
4264;5021
4265;5021
4266;5023
4267;5024
4268;5024
4269;5024
4270;5025
4271;5026
4272;5026
4273;5026
4274;5027
4275;5027
4276;5027
4277;5027
4278;5027
4279;5027
4280;5027
4281;5027
4282;5028
4283;5028
4284;5028
4285;5028
4286;5028
4287;5028
4288;5028
4289;5029
4290;5029
4291;5029
4292;5029
4293;5029
4294;5029
4295;5029
4296;5029
4297;5029
4298;5029
4299;5030
4300;5031
4301;5031
4302;5031
4303;5032
4304;5032
4305;5032
4306;5033
4307;5033
4308;5033
4309;5033
4310;5033
4311;5034
4312;5035
4313;5035
4314;5036
4315;5036
4316;5036
4317;5036
4318;5036
4319;5036
4320;5036
4321;5037
4322;5037
4323;5037
4324;5037
4325;5037
4326;5037
4327;5037
4328;5037
4329;5038
4330;5038
4331;5038
4332;5039
4333;5039
4334;5039
4335;5039
4336;5039
4337;5040
4338;5040
4339;5040
4340;5040
4341;5042
4342;5043
4343;5043
4344;5043
4345;5044
4346;5044
4347;5044
4348;5045
4349;5045
4350;5045
4351;5045
4352;5046
4353;5046
4354;5046
4355;5046
4356;5046
4357;5046
4358;5046
4359;5046
4360;5046
4361;5046
4362;5046
4363;5046
4364;5046
4365;5046
4366;5046
4367;5047
4368;5047
4369;5047
4370;5047
4371;5047
4372;5047
4373;5047
4374;5047
4375;5047
4376;5047
4377;5047
4378;5047
4379;5047
4380;5047
4381;5047
4382;5048
4383;5048
4384;5048
4385;5049
4386;5049
4387;5049
4388;5049
4389;5049
4390;5050
4391;5050
4392;5050
4393;5050
4394;5050
4395;5050
4396;5051
4397;5051
4398;5051
4399;5052
4400;5053
4401;5053
4402;5053
4403;5053
4404;5053
4405;5053
4406;5053
4407;5053
4408;5053
4409;5053
4410;5054
4411;5054
4412;5054
4413;5054
4414;5054
4415;5054
4416;5054
4417;5054
4418;5054
4419;5055
4420;5055
4421;5055
4422;5055
4423;5055
4424;5056
4425;5057
4426;5057
4427;5057
4428;5059
4429;5059
4430;5059
4431;5060
4432;5060
4433;5061
4434;5061
4435;5061
4436;5062
4437;5062
4438;5062
4439;5062
4440;5062
4441;5064
4442;5064
4443;5064
4444;5064
4445;5064
4446;5064
4447;5065
4448;5065
4449;5065
4450;5065
4451;5065
4452;5065
4453;5066
4454;5066
4455;5066
4456;5066
4457;5066
4458;5067
4459;5067
4460;5068
4461;5069
4462;5069
4463;5069
4464;5069
4465;5069
4466;5069
4467;5069
4468;5070
4469;5070
4470;5070
4471;5071
4472;5071
4473;5071
4474;5072
4475;5072
4476;5072
4477;5072
4478;5072
4479;5072
4480;5072
4481;5072
4482;5072
4483;5072
4484;5073
4485;5073
4486;5073
4487;5073
4488;5073
4489;5073
4490;5073
4491;5073
4492;5073
4493;5073
4494;5073
4495;5073
4496;5073
4497;5073
4498;5073
4499;5073
4500;5073
4501;5073
4502;5073
4503;5073
4504;5074
4505;5074
4506;5074
4507;5075
4508;5075
4509;5077
4510;5077
4511;5077
4512;5077
4513;5077
4514;5077
4515;5077
4516;5077
4517;5077
4518;5077
4519;5077
4520;5077
4521;5077
4522;5077
4523;5078
4524;5078
4525;5078
4526;5078
4527;5078
4528;5078
4529;5078
4530;5078
4531;5078
4532;5078
4533;5078
4534;5078
4535;5079
4536;5079
4537;5079
4538;5079
4539;5079
4540;5079
4541;5079
4542;5079
4543;5079
4544;5079
4545;5079
4546;5079
4547;5079
4548;5079
4549;5079
4550;5079
4551;5079
4552;5079
4553;5079
4554;5080
4555;5080
4556;5081
4557;5081
4558;5081
4559;5081
4560;5081
4561;5081
4562;5081
4563;5081
4564;5081
4565;5081
4566;5081
4567;5081
4568;5081
4569;5081
4570;5081
4571;5081
4572;5081
4573;5081
4574;5081
4575;5081
4576;5082
4577;5082
4578;5082
4579;5082
4580;5082
4581;5082
4582;5083
4583;5083
4584;5083
4585;5083
4586;5083
4587;5083
4588;5083
4589;5083
4590;5083
4591;5084
4592;5084
4593;5084
4594;5084
4595;5084
4596;5085
4597;5085
4598;5085
4599;5085
4600;5086
4601;5086
4602;5086
4603;5086
4604;5086
4605;5087
4606;5087
4607;5087
4608;5087
4609;5087
4610;5087
4611;5087
4612;5087
4613;5087
4614;5087
4615;5087
4616;5088
4617;5090
4618;5090
4619;5090
4620;5090
4621;5090
4622;5090
4623;5090
4624;5090
4625;5091
4626;5091
4627;5091
4628;5092
4629;5093
4630;5093
4631;5093
4632;5094
4633;5094
4634;5094
4635;5095
4636;5095
4637;5095
4638;5095
4639;5095
4640;5095
4641;5095
4642;5095
4643;5096
4644;5096
4645;5096
4646;5096
4647;5096
4648;5096
4649;5096
4650;5096
4651;5096
4652;5096
4653;5096
4654;5097
4655;5097
4656;5098
4657;5098
4658;5098
4659;5098
4660;5098
4661;5098
4662;5098
4663;5098
4664;5098
4665;5098
4666;5098
4667;5098
4668;5098
4669;5098
4670;5098
4671;5099
4672;5099
4673;5099
4674;5099
4675;5099
4676;5100
4677;5100
4678;5100
4679;5100
4680;5100
4681;5100
4682;5101
4683;5101
4684;5101
4685;5101
4686;5101
4687;5102
4688;5102
4689;5103
4690;5104
4691;5104
4692;5104
4693;5104
4694;5104
4695;5104
4696;5104
4697;5104
4698;5104
4699;5104
4700;5104
4701;5104
4702;5104
4703;5104
4704;5104
4705;5104
4706;5104
4707;5104
4708;5104
4709;5104
4710;5104
4711;5105
4712;5105
4713;5105
4714;5105
4715;5105
4716;5105
4717;5105
4718;5105
4719;5105
4720;5105
4721;5105
4722;5105
4723;5105
4724;5105
4725;5105
4726;5106
4727;5106
4728;5106
4729;5106
4730;5106
4731;5106
4732;5107
4733;5107
4734;5107
4735;5107
4736;5107
4737;5107
4738;5107
4739;5107
4740;5107
4741;5107
4742;5108
4743;5108
4744;5108
4745;5108
4746;5108
4747;5109
4748;5109
4749;5109
4750;5110
4751;5110
4752;5110
4753;5110
4754;5110
4755;5110
4756;5110
4757;5111
4758;5111
4759;5111
4760;5111
4761;5111
4762;5111
4763;5111
4764;5112
4765;5112
4766;5112
4767;5112
4768;5112
4769;5112
4770;5112
4771;5112
4772;5112
4773;5112
4774;5113
4775;5113
4776;5113
4777;5113
4778;5113
4779;5113
4780;5113
4781;5113
4782;5113
4783;5113
4784;5113
4785;5113
4786;5113
4787;5113
4788;5113
4789;5114
4790;5114
4791;5115
4792;5115
4793;5115
4794;5115
4795;5115
4796;5115
4797;5115
4798;5115
4799;5115
4800;5115
4801;5115
4802;5115
4803;5115
4804;5115
4805;5115
4806;5115
4807;5115
4808;5115
4809;5115
4810;5115
4811;5115
4812;5115
4813;5115
4814;5115
4815;5115
4816;5116
4817;5117
4818;5117
4819;5117
4820;5118
4821;5118
4822;5118
4823;5118
4824;5118
4825;5119
4826;5119
4827;5119
4828;5119
4829;5119
4830;5119
4831;5119
4832;5119
4833;5119
4834;5119
4835;5119
4836;5119
4837;5119
4838;5119
4839;5119
4840;5120
4841;5120
4842;5120
4843;5120
4844;5120
4845;5120
4846;5120
4847;5120
4848;5121
4849;5121
4850;5121
4851;5121
4852;5121
4853;5121
4854;5121
4855;5121
4856;5121
4857;5121
4858;5121
4859;5121
4860;5121
4861;5121
4862;5121
4863;5122
4864;5122
4865;5122
4866;5122
4867;5122
4868;5122
4869;5122
4870;5122
4871;5122
4872;5122
4873;5122
4874;5122
4875;5122
4876;5122
4877;5122
4878;5122
4879;5122
4880;5122
4881;5122
4882;5122
4883;5122
4884;5122
4885;5122
4886;5122
4887;5122
4888;5122
4889;5123
4890;5124
4891;5125
4892;5125
4893;5126
4894;5126
4895;5126
4896;5127
4897;5127
4898;5127
4899;5127
4900;5127
4901;5127
4902;5127
4903;5127
4904;5127
4905;5127
4906;5127
4907;5127
4908;5127
4909;5128
4910;5128
4911;5129
4912;5129
4913;5129
4914;5129
4915;5129
4916;5129
4917;5129
4918;5129
4919;5129
4920;5129
4921;5129
4922;5131
4923;5131
4924;5131
4925;5131
4926;5131
4927;5131
4928;5132
4929;5132
4930;5132
4931;5133
4932;5133
4933;5133
4934;5133
4935;5133
4936;5133
4937;5133
4938;5133
4939;5133
4940;5133
4941;5133
4942;5133
4943;5133
4944;5133
4945;5133
4946;5133
4947;5133
4948;5133
4949;5133
4950;5133
4951;5133
4952;5133
4953;5133
4954;5133
4955;5133
4956;5134
4957;5134
4958;5134
4959;5134
4960;5134
4961;5134
4962;5134
4963;5134
4964;5134
4965;5134
4966;5135
4967;5135
4968;5135
4969;5135
4970;5135
4971;5135
4972;5136
4973;5136
4974;5136
4975;5136
4976;5137
4977;5137
4978;5137
4979;5137
4980;5137
4981;5137
4982;5138
4983;5138
4984;5138
4985;5139
4986;5139
4987;5139
4988;5139
4989;5139
4990;5139
4991;5140
4992;5142
4993;5142
4994;5142
4995;5143
4996;5143
4997;5143
4998;5143
4999;5143
5000;5143
