Year;average_satisfaction_of_red_individuals;average_satisfaction_of_blue_individuals;average_satisfaction_of_black_individuals
0;0;0;0
5;0.333;0.667;100
10;1.0;1.333;100
15;1.333;2.333;100
20;1.667;3.0;100
25;1.667;4.0;100
30;2.333;4.333;100
35;2.667;4.667;100
40;3.0;5.0;100
45;3.333;5.333;100
50;4.333;5.333;100
55;5.333;5.333;100
60;5.667;5.333;100
65;6.0;6.333;100
70;6.0;6.667;100
75;6.333;7.0;100
80;7.333;7.0;100
85;7.667;7.0;100
90;8.333;7.333;100
95;8.667;7.667;100
100;9.0;8.0;100
105;9.333;8.667;100
110;9.333;9.0;100
115;9.667;9.667;100
120;9.667;10.0;100
125;10.0;10.667;100
130;11.0;11.0;100
135;11.333;11.333;100
140;11.667;12.0;100
145;11.667;12.333;100
150;11.667;13.0;100
155;12.0;13.0;100
160;12.0;13.333;100
165;12.0;14.333;100
170;12.0;14.667;100
175;12.0;15.333;100
180;12.333;16.333;100
185;13.333;16.333;100
190;13.333;16.333;100
195;13.667;17.0;100
200;14.0;17.333;100
205;14.0;18.0;100
210;14.333;18.667;100
215;15.0;19.0;100
220;15.333;19.333;100
225;15.667;19.333;100
230;15.667;20.0;100
235;16.0;20.333;100
240;16.0;21.0;100
245;16.0;20.667;100
250;16.667;21.0;100
255;16.667;21.333;100
260;16.667;21.667;100
265;17.0;22.333;100
270;17.333;22.333;100
275;18.0;22.333;100
280;18.0;22.667;100
285;18.333;22.667;100
290;18.333;23.0;100
295;19.0;23.333;100
300;19.0;24.333;100
305;19.667;24.333;100
310;20.0;25.0;100
315;20.0;25.333;100
320;20.333;25.667;100
325;20.0;26.0;100
330;20.0;27.0;100
335;20.667;27.333;100
340;20.667;27.667;100
345;21.0;28.0;100
350;21.667;28.0;100
355;21.667;28.333;100
360;22.333;28.667;100
365;22.333;29.667;100
370;22.333;29.667;100
375;22.333;30.0;100
380;23.333;30.0;100
385;23.667;30.333;100
390;23.667;31.0;100
395;24.333;31.0;100
400;25.0;31.333;100
405;25.333;31.667;100
410;26.333;31.667;100
415;26.333;32.0;100
420;26.333;32.333;100
425;27.0;32.333;100
430;27.333;32.667;100
435;28.0;32.667;100
440;28.333;33.333;100
445;28.667;33.667;100
450;29.0;34.0;100
455;29.0;34.0;100
460;29.0;34.667;100
465;29.333;35.333;100
470;29.333;35.667;100
475;29.667;35.667;100
480;30.0;35.667;100
485;30.333;35.667;100
490;30.333;35.667;100
495;30.667;36.333;100
500;31.333;36.333;100
505;32.0;36.667;100
510;32.0;36.667;100
515;32.0;36.667;100
520;32.0;36.667;100
525;32.667;36.667;100
530;33.333;37.0;100
535;33.667;37.0;100
540;33.667;37.0;100
545;33.667;37.333;100
550;34.0;38.0;100
555;34.0;38.333;100
560;33.667;38.333;100
565;34.0;39.333;100
570;34.0;40.333;100
575;34.0;40.333;100
580;34.0;41.333;100
585;34.333;41.333;100
590;34.667;41.667;100
595;35.0;41.667;100
600;35.667;42.0;100
605;36.333;42.0;100
610;36.667;42.667;100
615;36.667;42.667;100
620;37.0;42.667;100
625;37.333;42.667;100
630;37.667;42.667;100
635;37.667;43.0;100
640;37.667;43.333;100
645;38.667;43.333;100
650;39.333;43.333;100
655;39.333;43.667;100
660;39.333;43.667;100
665;39.333;43.667;100
670;39.333;44.0;100
675;39.333;44.0;100
680;39.667;44.667;100
685;39.667;45.0;100
690;39.667;45.333;100
695;39.667;45.667;100
700;39.667;46.333;100
705;40.333;46.333;100
710;40.667;46.333;100
715;41.0;46.333;100
720;41.333;46.333;100
725;42.0;46.333;100
730;42.0;46.667;100
735;41.667;47.0;100
740;42.0;47.333;100
745;42.0;47.667;100
750;42.0;48.0;100
755;42.333;48.667;100
760;42.333;48.667;100
765;43.0;49.0;100
770;43.333;50.0;100
775;43.667;50.0;100
780;44.333;50.0;100
785;44.667;49.667;100
790;44.667;50.0;100
795;45.333;50.333;100
800;45.667;50.333;100
805;45.667;50.333;100
810;46.0;50.333;100
815;46.0;51.0;100
820;46.0;51.667;100
825;46.667;51.667;100
830;46.667;52.0;100
835;47.0;52.0;100
840;47.333;52.0;100
845;47.333;52.0;100
850;47.667;51.667;100
855;47.667;52.0;100
860;47.667;52.333;100
865;48.0;52.333;100
870;48.0;52.667;100
875;48.0;53.333;100
880;48.667;53.333;100
885;49.333;53.333;100
890;49.333;53.667;100
895;50.0;54.0;100
900;50.333;54.333;100
905;50.667;54.333;100
910;51.0;54.333;100
915;51.333;54.667;100
920;51.667;54.667;100
925;51.333;54.667;100
930;51.333;54.667;100
935;51.667;55.0;100
940;51.667;55.0;100
945;52.333;55.333;100
950;52.333;55.333;100
955;53.333;55.333;100
960;53.333;55.333;100
965;54.0;55.333;100
970;54.333;55.333;100
975;54.333;56.0;100
980;54.333;56.0;100
985;54.333;56.667;100
990;54.333;56.667;100
995;54.667;57.0;100
1000;55.0;56.667;100
1005;55.333;57.0;100
1010;55.667;57.333;100
1015;56.0;57.0;100
1020;56.333;57.333;100
1025;56.667;57.333;100
1030;57.0;57.333;100
1035;57.0;57.333;100
1040;57.333;57.333;100
1045;57.667;57.333;100
1050;58.0;57.333;100
1055;58.0;57.333;100
1060;58.333;58.0;100
1065;58.333;58.0;100
1070;58.333;58.0;100
1075;58.333;58.0;100
1080;58.667;58.0;100
1085;58.667;58.333;100
1090;58.667;58.333;100
1095;59.0;58.667;100
1100;59.333;58.667;100
1105;59.333;59.0;100
1110;59.333;59.0;100
1115;59.333;59.333;100
1120;59.667;59.333;100
1125;59.667;59.333;100
1130;59.667;59.333;100
1135;59.667;59.333;100
1140;59.667;59.333;100
1145;59.667;59.667;100
1150;59.667;59.667;100
1155;59.667;59.667;100
1160;59.667;59.667;100
1165;59.667;59.667;100
1170;60.0;59.667;100
1175;60.333;59.333;100
1180;60.667;59.0;100
1185;61.333;59.0;100
1190;61.333;59.0;100
1195;61.333;59.0;100
1200;61.333;59.333;100
1205;61.667;59.333;100
1210;61.667;59.333;100
1215;61.667;59.667;100
1220;61.667;60.0;100
1225;62.0;60.333;100
1230;62.333;60.667;100
1235;62.333;60.667;100
1240;62.333;61.0;100
1245;62.333;61.0;100
1250;62.0;61.0;100
1255;62.0;61.333;100
1260;62.0;61.333;100
1265;62.0;61.333;100
1270;62.0;61.333;100
1275;62.0;61.667;100
1280;62.0;61.667;100
1285;62.333;61.667;100
1290;62.0;61.667;100
1295;62.0;61.667;100
1300;62.0;61.667;100
1305;62.0;61.333;100
1310;62.333;61.0;100
1315;62.333;61.0;100
1320;62.667;61.0;100
1325;63.0;61.0;100
1330;63.0;61.0;100
1335;63.0;61.0;100
1340;63.0;61.333;100
1345;63.0;61.333;100
1350;63.0;61.667;100
1355;63.0;61.667;100
1360;63.0;61.667;100
1365;63.0;61.667;100
1370;63.333;62.0;100
1375;63.333;62.0;100
1380;63.667;62.0;100
1385;64.0;62.0;100
1390;64.0;62.0;100
1395;64.0;62.333;100
1400;64.0;62.333;100
1405;64.333;62.667;100
1410;64.333;62.667;100
1415;64.333;62.667;100
1420;64.333;62.667;100
1425;64.333;63.0;100
1430;64.333;63.333;100
1435;64.333;63.333;100
1440;65.0;63.333;100
1445;65.333;63.333;100
1450;65.333;63.333;100
1455;66.0;63.333;100
1460;66.0;63.333;100
1465;66.0;63.333;100
1470;66.667;63.333;100
1475;66.667;63.667;100
1480;66.667;63.667;100
1485;66.667;63.667;100
1490;66.667;64.0;100
1495;66.667;64.0;100
1500;66.667;64.0;100
1505;67.0;64.0;100
1510;67.0;64.0;100
1515;67.333;64.333;100
1520;67.667;64.333;100
1525;68.0;64.333;100
1530;68.333;64.333;100
1535;68.333;64.333;100
1540;68.667;64.333;100
1545;68.667;64.333;100
1550;68.667;64.667;100
1555;68.667;65.0;100
1560;69.0;65.0;100
1565;69.0;65.0;100
1570;69.0;65.0;100
1575;68.667;65.0;100
1580;68.667;65.333;100
1585;68.667;65.333;100
1590;68.667;65.333;100
1595;68.667;65.333;100
1600;68.667;65.667;100
1605;68.667;65.667;100
1610;68.667;65.667;100
1615;68.667;65.667;100
1620;68.667;66.0;100
1625;68.667;66.0;100
1630;68.667;66.0;100
1635;68.667;66.0;100
1640;68.667;66.0;100
1645;68.667;66.0;100
1650;68.667;66.0;100
1655;68.667;66.0;100
1660;68.667;66.0;100
1665;68.667;66.0;100
1670;68.667;66.0;100
1675;68.667;66.0;100
1680;68.667;66.0;100
1685;68.667;66.0;100
1690;68.333;66.333;100
1695;68.0;66.333;100
1700;68.0;66.333;100
1705;68.0;66.333;100
1710;68.0;66.667;100
1715;68.0;66.667;100
1720;68.0;66.667;100
1725;68.0;66.667;100
1730;68.333;66.667;100
1735;68.333;66.667;100
1740;68.0;67.0;100
1745;68.0;67.0;100
1750;68.0;67.0;100
1755;68.0;67.667;100
1760;67.667;67.667;100
1765;67.667;67.667;100
1770;67.667;67.667;100
1775;67.667;67.667;100
1780;68.0;67.667;100
1785;68.0;67.667;100
1790;68.0;67.667;100
1795;68.333;67.667;100
1800;68.333;68.0;100
1805;68.333;67.667;100
1810;68.333;67.667;100
1815;68.333;68.0;100
1820;68.333;68.333;100
1825;68.333;68.333;100
1830;68.0;68.0;100
1835;68.0;68.0;100
1840;68.0;68.0;100
1845;68.0;68.0;100
1850;68.0;68.0;100
1855;68.0;68.0;100
1860;68.0;68.0;100
1865;68.333;68.0;100
1870;68.667;68.0;100
1875;68.667;68.0;100
1880;68.667;68.0;100
1885;68.667;68.0;100
1890;68.667;67.667;100
1895;68.667;67.667;100
1900;69.0;67.667;100
1905;69.0;67.667;100
1910;69.0;67.667;100
1915;69.0;67.667;100
1920;69.0;68.0;100
1925;69.0;68.0;100
1930;69.333;68.0;100
1935;69.333;68.0;100
1940;69.333;68.333;100
1945;69.667;68.667;100
1950;69.667;69.0;100
1955;69.667;69.0;100
1960;69.667;69.0;100
1965;69.667;68.667;100
1970;69.667;68.667;100
1975;69.667;68.667;100
1980;69.667;68.667;100
1985;69.667;68.667;100
1990;70.0;68.667;100
1995;70.0;68.667;100
2000;70.0;69.0;100
2005;70.0;69.0;100
2010;70.0;69.0;100
2015;70.0;69.0;100
2020;70.0;69.0;100
2025;70.0;69.0;100
2030;70.0;69.333;100
2035;70.0;69.333;100
2040;70.0;69.333;100
2045;70.0;69.333;100
2050;70.0;69.333;100
2055;70.0;69.333;100
2060;70.0;69.333;100
2065;70.0;69.333;100
2070;70.0;69.667;100
2075;70.333;69.667;100
2080;70.0;70.0;100
2085;70.0;70.0;100
2090;70.0;70.0;100
2095;70.0;70.0;100
2100;70.0;70.0;100
2105;70.0;70.0;100
2110;70.0;70.0;100
2115;70.0;70.0;100
2120;70.0;70.0;100
2125;70.0;70.0;100
2130;69.667;70.0;100
2135;69.667;70.0;100
2140;70.0;70.0;100
2145;70.0;70.0;100
2150;70.0;70.0;100
2155;70.0;70.0;100
2160;70.0;70.0;100
2165;70.333;70.0;100
2170;70.333;70.333;100
2175;70.333;70.333;100
2180;70.333;70.333;100
2185;70.667;70.333;100
2190;70.667;70.333;100
2195;70.667;70.333;100
2200;70.667;70.333;100
2205;71.0;70.333;100
2210;71.0;70.333;100
2215;71.0;70.333;100
2220;71.0;70.333;100
2225;71.0;70.333;100
2230;71.0;70.333;100
2235;71.0;70.333;100
2240;71.0;70.333;100
2245;71.0;70.333;100
2250;71.0;70.333;100
2255;71.0;70.333;100
2260;71.0;70.333;100
2265;71.0;70.333;100
2270;71.0;70.333;100
2275;71.0;70.333;100
2280;71.0;70.333;100
2285;71.0;70.333;100
2290;71.0;70.333;100
2295;71.0;70.333;100
2300;71.0;70.333;100
2305;71.0;70.667;100
2310;71.0;70.667;100
2315;71.333;70.667;100
2320;71.333;70.667;100
2325;71.333;70.667;100
2330;71.333;70.667;100
2335;71.333;70.667;100
2340;71.333;70.667;100
2345;71.333;70.667;100
2350;71.333;70.333;100
2355;71.333;70.333;100
2360;71.333;70.333;100
2365;71.333;70.333;100
2370;71.333;70.333;100
2375;71.333;70.333;100
2380;71.333;70.333;100
2385;71.333;70.333;100
2390;71.333;70.333;100
2395;71.333;70.667;100
2400;71.333;70.667;100
2405;71.333;70.667;100
2410;71.333;70.667;100
2415;71.333;70.667;100
2420;71.667;70.667;100
2425;71.667;70.667;100
2430;71.667;70.667;100
2435;71.667;70.667;100
2440;71.667;70.667;100
2445;71.667;70.667;100
2450;71.667;70.333;100
2455;71.667;70.667;100
2460;72.0;70.667;100
2465;72.0;70.667;100
2470;72.333;70.667;100
2475;72.333;70.667;100
2480;72.333;70.667;100
2485;72.333;70.667;100
2490;72.333;70.667;100
2495;72.667;70.667;100
2500;72.667;70.667;100
2505;72.667;70.667;100
2510;73.0;70.667;100
2515;73.0;70.667;100
2520;73.0;70.667;100
2525;73.0;70.667;100
2530;73.0;70.667;100
2535;73.0;70.667;100
2540;73.0;70.667;100
2545;73.0;70.667;100
2550;73.0;70.667;100
2555;73.0;70.667;100
2560;73.0;70.667;100
2565;73.0;70.667;100
2570;73.333;70.667;100
2575;73.333;70.667;100
2580;73.333;70.667;100
2585;73.333;70.667;100
2590;73.333;70.667;100
2595;73.333;70.667;100
2600;73.333;70.667;100
2605;73.333;70.667;100
2610;73.333;70.667;100
2615;73.333;70.667;100
2620;73.333;70.667;100
2625;73.333;70.667;100
2630;73.333;70.667;100
2635;73.333;70.667;100
2640;73.333;70.667;100
2645;73.333;70.667;100
2650;73.333;70.667;100
2655;73.333;70.667;100
2660;73.333;70.667;100
2665;73.333;70.667;100
2670;73.333;70.667;100
2675;73.333;70.667;100
2680;73.667;70.667;100
2685;73.667;70.667;100
2690;73.667;70.667;100
2695;73.667;70.667;100
2700;73.667;70.667;100
2705;73.667;70.667;100
2710;73.667;70.667;100
2715;73.667;70.667;100
2720;73.667;70.667;100
2725;73.667;70.667;100
2730;73.667;70.667;100
2735;73.667;70.667;100
2740;73.667;70.667;100
2745;73.667;70.667;100
2750;73.667;70.667;100
2755;73.667;70.667;100
2760;73.667;70.667;100
2765;73.667;70.667;100
2770;73.667;70.667;100
2775;73.667;70.667;100
2780;73.667;70.667;100
2785;73.667;70.667;100
2790;73.667;70.667;100
2795;73.667;70.667;100
2800;73.333;70.667;100
2805;73.333;70.667;100
2810;73.333;70.667;100
2815;73.333;70.667;100
2820;73.333;70.667;100
2825;73.667;70.667;100
2830;73.667;70.667;100
2835;73.667;70.667;100
2840;73.667;71.0;100
2845;73.667;71.0;100
2850;73.667;71.0;100
2855;73.667;70.667;100
2860;73.667;70.667;100
2865;73.667;70.667;100
2870;73.667;70.667;100
2875;73.667;70.667;100
2880;73.667;70.667;100
2885;73.667;70.667;100
2890;73.667;70.667;100
2895;73.667;70.667;100
2900;73.667;70.667;100
2905;73.667;70.667;100
2910;73.667;70.667;100
2915;73.667;70.667;100
2920;73.667;70.667;100
2925;73.667;70.667;100
2930;73.667;70.667;100
2935;73.667;70.667;100
2940;73.667;70.667;100
2945;73.667;71.0;100
2950;73.667;71.333;100
2955;73.667;71.333;100
2960;73.667;71.333;100
2965;73.667;71.333;100
2970;73.667;71.333;100
2975;73.667;71.333;100
2980;73.667;71.333;100
2985;73.667;71.333;100
2990;73.667;71.333;100
2995;73.667;71.333;100
3000;73.667;71.333;100
3005;73.667;71.333;100
3010;73.667;71.333;100
3015;73.667;71.333;100
3020;73.667;71.333;100
3025;73.667;71.333;100
3030;73.667;71.667;100
3035;73.667;71.667;100
3040;73.667;71.667;100
3045;73.667;71.667;100
3050;73.667;71.667;100
3055;73.667;71.667;100
3060;73.667;71.667;100
3065;73.667;71.667;100
3070;73.667;71.667;100
3075;73.667;71.667;100
3080;73.667;71.667;100
3085;73.667;72.0;100
3090;73.667;72.0;100
3095;73.667;72.0;100
3100;73.667;72.0;100
3105;73.667;72.0;100
3110;73.667;72.0;100
3115;73.667;72.0;100
3120;73.667;72.0;100
3125;73.667;72.0;100
3130;73.667;72.0;100
3135;74.0;72.0;100
3140;74.0;72.0;100
3145;74.0;72.0;100
3150;74.0;72.0;100
3155;74.0;72.0;100
3160;73.667;72.0;100
3165;73.667;72.0;100
3170;73.667;72.0;100
3175;73.667;72.0;100
3180;73.667;72.0;100
3185;74.0;72.0;100
3190;74.0;72.0;100
3195;74.0;72.0;100
3200;74.0;72.0;100
3205;74.0;72.0;100
3210;74.0;72.0;100
3215;74.0;72.0;100
3220;74.0;72.0;100
3225;74.0;72.0;100
3230;74.0;72.0;100
3235;74.0;72.0;100
3240;74.0;72.0;100
3245;74.0;72.0;100
3250;74.0;72.0;100
3255;74.0;72.0;100
3260;74.0;72.0;100
3265;74.0;72.0;100
3270;74.0;72.0;100
3275;74.0;72.0;100
3280;74.0;72.0;100
3285;74.0;72.0;100
3290;74.0;72.0;100
3295;74.0;72.0;100
3300;74.0;72.0;100
3305;74.0;72.0;100
3310;74.0;72.0;100
3315;74.0;72.0;100
3320;74.0;72.0;100
3325;74.0;72.0;100
3330;74.0;72.0;100
3335;74.0;72.0;100
3340;74.0;72.0;100
3345;74.0;72.0;100
3350;74.0;72.0;100
3355;74.0;72.0;100
3360;74.0;72.0;100
3365;74.0;72.0;100
3370;74.0;72.0;100
3375;74.0;72.0;100
3380;74.0;72.0;100
3385;74.0;72.0;100
3390;74.0;72.0;100
3395;74.0;72.0;100
3400;74.0;72.0;100
3405;74.0;72.0;100
3410;74.0;72.0;100
3415;74.0;72.0;100
3420;74.0;72.0;100
3425;73.667;72.0;100
3430;73.667;72.0;100
3435;73.667;72.0;100
3440;73.667;72.0;100
3445;73.667;72.0;100
3450;73.667;72.0;100
3455;73.667;72.0;100
3460;73.667;72.0;100
3465;73.667;72.0;100
3470;73.667;72.0;100
3475;73.667;72.0;100
3480;73.667;72.0;100
3485;73.667;72.0;100
3490;73.667;72.0;100
3495;73.667;72.0;100
3500;73.667;72.0;100
3505;73.667;72.0;100
3510;73.667;72.0;100
3515;73.667;72.0;100
3520;73.667;72.0;100
3525;73.667;72.0;100
3530;73.667;72.0;100
3535;73.667;72.0;100
3540;73.667;72.0;100
3545;73.667;72.0;100
3550;73.667;72.0;100
3555;73.667;72.0;100
3560;73.667;72.0;100
3565;73.667;72.0;100
3570;73.667;72.0;100
3575;73.667;72.0;100
3580;73.667;72.0;100
3585;73.667;72.0;100
3590;73.667;71.667;100
3595;73.667;71.667;100
3600;73.667;71.667;100
3605;73.333;71.667;100
3610;73.0;71.667;100
3615;73.0;71.333;100
3620;73.0;71.333;100
3625;73.0;71.333;100
3630;73.0;71.333;100
3635;73.0;71.333;100
3640;73.0;71.333;100
3645;73.0;71.333;100
3650;73.0;71.667;100
3655;73.0;71.667;100
3660;73.0;71.667;100
3665;73.0;72.0;100
3670;73.0;72.0;100
3675;73.0;72.0;100
3680;73.0;71.667;100
3685;73.333;71.333;100
3690;73.333;71.333;100
3695;73.333;71.333;100
3700;73.667;71.333;100
3705;73.667;71.333;100
3710;74.0;71.333;100
3715;74.0;71.667;100
3720;74.0;71.333;100
3725;74.0;71.333;100
3730;74.0;71.333;100
3735;74.0;71.333;100
3740;74.0;71.333;100
3745;74.0;71.667;100
3750;74.0;71.667;100
3755;74.0;71.667;100
3760;74.0;71.667;100
3765;74.0;72.0;100
3770;74.0;72.0;100
3775;74.0;72.667;100
3780;74.0;72.667;100
3785;74.0;72.667;100
3790;74.0;72.667;100
3795;74.0;73.0;100
3800;74.0;73.0;100
3805;74.0;73.0;100
3810;74.0;73.0;100
3815;74.0;73.0;100
3820;74.0;73.333;100
3825;74.0;73.333;100
3830;74.333;73.333;100
3835;74.333;73.333;100
3840;74.333;73.333;100
3845;74.0;73.667;100
3850;74.0;73.667;100
3855;74.333;73.667;100
3860;74.333;73.667;100
3865;74.333;73.667;100
3870;74.333;74.0;100
3875;74.333;74.0;100
3880;74.333;74.0;100
3885;74.333;74.333;100
3890;74.333;74.667;100
3895;74.667;74.667;100
3900;74.667;74.667;100
3905;74.667;74.667;100
3910;75.0;74.667;100
3915;75.0;74.333;100
3920;75.0;74.333;100
3925;74.667;74.333;100
3930;74.667;74.0;100
3935;74.333;74.0;100
3940;74.333;74.333;100
3945;74.333;74.333;100
3950;74.333;74.333;100
3955;74.333;74.333;100
3960;74.333;74.667;100
3965;74.333;74.667;100
3970;74.0;74.667;100
3975;74.0;74.667;100
3980;74.0;74.667;100
3985;74.0;74.667;100
3990;74.667;74.333;100
3995;75.0;74.333;100
4000;75.0;74.333;100
4005;75.0;74.333;100
4010;75.0;74.333;100
4015;75.0;74.333;100
4020;75.0;74.333;100
4025;75.0;74.333;100
4030;75.0;74.333;100
4035;75.0;74.0;100
4040;75.0;74.333;100
4045;75.0;74.333;100
4050;75.0;74.333;100
4055;75.0;74.333;100
4060;75.333;74.333;100
4065;75.667;74.333;100
4070;75.667;74.333;100
4075;75.667;74.333;100
4080;75.667;74.333;100
4085;75.667;74.333;100
4090;75.667;74.667;100
4095;76.0;74.667;100
4100;76.333;74.667;100
4105;76.333;75.0;100
4110;76.333;75.0;100
4115;76.333;75.333;100
4120;76.333;75.333;100
4125;76.333;75.667;100
4130;76.333;76.0;100
4135;76.333;76.0;100
4140;76.333;76.0;100
4145;76.667;76.0;100
4150;77.0;76.0;100
4155;77.0;76.0;100
4160;77.0;76.0;100
4165;77.0;76.0;100
4170;77.333;76.0;100
4175;77.333;76.333;100
4180;77.0;76.333;100
4185;77.0;76.333;100
4190;77.333;76.333;100
4195;77.333;76.333;100
4200;77.0;77.0;100
4205;77.333;77.0;100
4210;77.333;77.0;100
4215;77.333;77.0;100
4220;77.333;77.0;100
4225;77.333;77.333;100
4230;77.333;77.333;100
4235;77.333;77.333;100
4240;77.333;77.667;100
4245;77.0;77.667;100
4250;77.0;77.667;100
4255;77.0;77.667;100
4260;77.0;77.667;100
4265;77.0;77.667;100
4270;77.0;78.0;100
4275;77.0;78.0;100
4280;77.0;78.0;100
4285;77.0;78.0;100
4290;77.0;78.333;100
4295;77.0;78.0;100
4300;77.333;78.0;100
4305;77.333;78.333;100
4310;77.333;78.333;100
4315;77.333;78.333;100
4320;77.667;78.333;100
4325;77.667;78.333;100
4330;77.333;78.333;100
4335;77.333;78.333;100
4340;77.667;78.333;100
4345;77.667;78.333;100
4350;77.667;78.333;100
4355;78.0;78.333;100
4360;78.0;78.333;100
4365;78.0;78.0;100
4370;78.0;78.0;100
4375;77.667;78.0;100
4380;78.0;78.0;100
4385;78.0;78.0;100
4390;78.0;78.0;100
4395;78.0;78.0;100
4400;78.0;78.0;100
4405;78.0;78.0;100
4410;78.0;77.667;100
4415;78.333;77.667;100
4420;78.667;77.667;100
4425;79.0;77.667;100
4430;79.0;77.667;100
4435;79.0;77.667;100
4440;79.0;77.667;100
4445;79.0;77.667;100
4450;79.0;77.667;100
4455;79.0;77.667;100
4460;79.0;77.667;100
4465;79.0;77.667;100
4470;79.0;78.0;100
4475;79.0;78.0;100
4480;79.0;78.0;100
4485;79.333;78.333;100
4490;79.333;78.333;100
4495;79.667;78.333;100
4500;79.667;78.333;100
4505;79.667;78.333;100
4510;79.667;78.333;100
4515;79.667;78.333;100
4520;79.667;79.0;100
4525;79.667;79.0;100
4530;79.667;79.0;100
4535;79.667;79.0;100
4540;79.667;79.0;100
4545;79.667;79.0;100
4550;79.667;79.333;100
4555;79.667;79.333;100
4560;79.667;79.333;100
4565;79.667;79.333;100
4570;79.667;79.333;100
4575;80.0;79.333;100
4580;80.0;79.333;100
4585;80.0;79.333;100
4590;80.0;79.333;100
4595;80.0;79.333;100
4600;80.0;79.333;100
4605;80.333;79.333;100
4610;80.333;79.333;100
4615;80.333;79.333;100
4620;80.333;79.333;100
4625;80.333;79.333;100
4630;80.333;79.333;100
4635;80.0;79.667;100
4640;80.333;79.667;100
4645;80.333;79.667;100
4650;80.333;79.667;100
4655;80.333;79.667;100
4660;80.333;79.667;100
4665;80.333;79.667;100
4670;80.333;79.667;100
4675;80.333;79.667;100
4680;80.333;80.0;100
4685;80.333;80.0;100
4690;80.333;80.0;100
4695;80.333;80.0;100
4700;80.333;80.0;100
4705;80.333;80.0;100
4710;80.333;80.0;100
4715;80.333;80.0;100
4720;80.333;80.0;100
4725;80.333;80.0;100
4730;80.333;80.0;100
4735;80.333;80.0;100
4740;80.333;80.0;100
4745;80.333;80.0;100
4750;80.333;80.333;100
4755;80.333;80.333;100
4760;80.333;80.333;100
4765;80.667;80.333;100
4770;80.667;80.333;100
4775;80.667;80.333;100
4780;80.667;80.333;100
4785;80.667;80.333;100
4790;80.667;80.333;100
4795;80.667;80.333;100
4800;80.667;80.333;100
4805;80.667;80.333;100
4810;80.667;80.667;100
4815;80.667;80.667;100
4820;80.667;81.0;100
4825;80.667;81.333;100
4830;80.333;81.333;100
4835;80.333;81.333;100
4840;80.333;81.333;100
4845;80.333;81.333;100
4850;80.333;81.333;100
4855;80.333;81.667;100
4860;80.333;82.0;100
4865;80.333;82.0;100
4870;80.333;82.0;100
4875;80.333;82.0;100
4880;80.333;82.0;100
4885;80.333;82.0;100
4890;80.333;82.0;100
4895;80.333;82.0;100
4900;80.333;82.0;100
4905;80.333;82.0;100
4910;80.333;82.0;100
4915;80.333;82.0;100
4920;80.333;82.0;100
4925;80.333;82.0;100
4930;80.333;82.0;100
4935;80.0;82.0;100
4940;80.0;82.0;100
4945;80.0;82.0;100
4950;80.0;82.0;100
4955;80.0;82.0;100
4960;80.0;82.0;100
4965;80.0;82.0;100
4970;80.0;82.0;100
4975;80.0;82.0;100
4980;80.0;82.0;100
4985;80.0;82.0;100
4990;80.0;82.0;100
4995;80.0;82.0;100
5000;80.0;82.0;100
5005;80.0;82.0;100
5010;80.0;82.0;100
5015;80.0;82.0;100
5020;80.0;82.0;100
5025;80.0;82.0;100
5030;80.0;82.0;100
5035;80.0;82.0;100
5040;80.0;82.0;100
5045;80.0;82.0;100
5050;80.0;82.0;100
5055;80.0;82.0;100
5060;80.0;81.667;100
5065;80.0;81.667;100
5070;80.0;81.667;100
5075;80.0;82.0;100
5080;80.0;82.0;100
5085;80.0;82.0;100
5090;80.0;82.0;100
5095;80.0;82.0;100
5100;80.0;82.0;100
5105;80.0;82.0;100
5110;80.0;82.0;100
5115;80.0;82.0;100
5120;80.0;82.0;100
5125;80.0;82.0;100
5130;80.0;82.0;100
5135;80.0;82.0;100
5140;80.0;82.0;100
5145;80.0;82.0;100
5150;80.0;82.0;100
5155;80.0;82.0;100
5160;80.0;82.0;100
5165;80.0;82.0;100
5170;80.0;82.0;100
5175;80.0;82.0;100
5180;80.0;82.0;100
5185;80.0;82.0;100
5190;80.0;82.0;100
5195;80.0;82.0;100
5200;80.0;82.0;100
5205;80.0;82.0;100
5210;80.0;82.0;100
5215;80.0;82.0;100
5220;80.0;82.0;100
5225;80.0;82.0;100
5230;80.0;82.0;100
5235;80.0;82.0;100
5240;80.0;82.0;100
5245;80.0;82.0;100
5250;80.0;82.0;100
5255;80.0;82.0;100
5260;80.0;82.0;100
5265;80.0;82.0;100
5270;80.0;82.333;100
5275;80.0;82.333;100
5280;80.0;82.333;100
5285;79.667;82.333;100
5290;79.667;82.333;100
5295;79.667;82.333;100
5300;79.667;82.333;100
5305;79.667;82.333;100
5310;79.667;82.333;100
5315;79.667;82.333;100
5320;79.333;82.333;100
5325;79.333;82.333;100
5330;79.333;82.333;100
5335;79.333;82.333;100
5340;79.0;82.333;100
5345;79.0;82.333;100
5350;79.0;82.333;100
5355;79.0;82.333;100
5360;79.0;82.333;100
5365;79.0;82.333;100
5370;79.0;82.333;100
5375;79.0;82.333;100
5380;79.0;82.333;100
5385;79.0;82.333;100
5390;79.0;82.333;100
5395;79.0;82.333;100
5400;79.0;82.333;100
5405;79.0;82.333;100
5410;79.0;82.333;100
5415;79.0;82.333;100
5420;79.0;82.333;100
5425;79.0;82.333;100
5430;79.0;82.333;100
5435;79.0;82.333;100
5440;79.0;82.667;100
5445;79.333;82.667;100
5450;79.333;82.667;100
5455;79.333;82.667;100
5460;79.333;82.667;100
5465;79.333;83.0;100
5470;79.333;83.0;100
5475;79.333;83.333;100
5480;79.333;83.333;100
5485;79.333;83.333;100
5490;79.333;83.333;100
5495;79.333;83.333;100
5500;79.333;83.333;100
5505;79.333;83.333;100
5510;79.667;83.333;100
5515;79.667;83.333;100
5520;79.667;83.333;100
5525;79.667;83.333;100
5530;79.667;83.333;100
5535;79.667;83.333;100
5540;79.667;83.333;100
5545;79.667;83.333;100
5550;80.0;83.333;100
5555;80.0;83.667;100
5560;80.0;83.667;100
5565;80.0;83.667;100
5570;80.0;83.667;100
5575;80.0;83.667;100
5580;80.0;83.667;100
5585;80.0;83.667;100
5590;80.0;83.667;100
5595;80.0;83.667;100
5600;80.333;83.667;100
5605;80.333;83.667;100
5610;80.333;83.667;100
5615;80.333;83.667;100
5620;80.333;83.667;100
5625;80.333;83.667;100
5630;80.333;83.667;100
5635;80.333;83.667;100
5640;80.333;83.667;100
5645;80.667;83.667;100
5650;80.667;83.667;100
5655;80.667;83.667;100
5660;80.667;83.667;100
5665;80.667;83.667;100
5670;80.667;83.667;100
5675;80.667;83.667;100
5680;80.333;83.667;100
5685;80.333;83.667;100
5690;80.333;83.667;100
5695;80.333;83.667;100
5700;80.333;83.667;100
5705;80.333;83.667;100
5710;80.333;83.667;100
5715;80.333;83.667;100
5720;80.667;83.667;100
5725;80.667;83.667;100
5730;80.667;83.667;100
5735;80.667;83.667;100
5740;80.667;83.667;100
5745;80.667;83.667;100
5750;80.667;83.667;100
5755;81.0;84.0;100
5760;81.0;84.0;100
5765;81.0;84.0;100
5770;81.0;84.0;100
5775;81.0;84.0;100
5780;81.0;84.0;100
5785;81.0;84.0;100
5790;81.0;84.0;100
5795;81.0;84.0;100
5800;81.0;84.0;100
5805;81.0;84.0;100
5810;81.0;84.0;100
5815;81.0;84.0;100
5820;81.0;84.0;100
5825;81.0;84.0;100
5830;81.0;84.333;100
5835;81.0;84.333;100
5840;81.0;84.333;100
5845;81.0;84.333;100
5850;81.0;84.333;100
5855;81.0;84.333;100
5860;81.0;84.333;100
5865;81.0;84.333;100
5870;81.0;84.333;100
5875;81.0;84.333;100
5880;81.0;84.333;100
5885;81.0;84.333;100
5890;81.0;84.333;100
5895;81.0;84.333;100
5900;81.0;84.333;100
5905;81.0;84.333;100
5910;81.0;84.333;100
5915;81.0;84.333;100
5920;81.333;84.333;100
5925;81.333;84.333;100
5930;81.333;84.333;100
5935;81.667;84.333;100
5940;81.667;84.333;100
5945;81.667;84.333;100
5950;81.667;84.333;100
5955;81.667;84.333;100
5960;81.667;84.333;100
5965;81.667;84.333;100
5970;81.667;84.333;100
5975;81.667;84.333;100
5980;82.0;84.333;100
5985;82.0;84.333;100
5990;82.0;84.333;100
5995;82.0;84.333;100
6000;82.0;84.0;100
6005;82.0;84.0;100
6010;82.0;84.0;100
6015;82.0;84.0;100
6020;82.0;84.0;100
6025;82.0;84.0;100
6030;82.0;84.0;100
6035;82.0;84.0;100
6040;82.0;84.0;100
6045;82.0;84.0;100
6050;82.333;84.0;100
6055;82.333;84.0;100
6060;82.333;84.0;100
6065;82.333;84.0;100
6070;82.333;84.0;100
6075;82.333;84.0;100
6080;82.333;84.0;100
6085;82.333;84.0;100
6090;82.333;84.0;100
6095;82.333;84.0;100
6100;82.333;84.0;100
6105;82.333;84.0;100
6110;82.333;84.0;100
6115;82.333;84.0;100
6120;82.333;84.0;100
6125;82.333;84.0;100
6130;82.333;84.0;100
6135;82.333;84.333;100
6140;82.333;84.333;100
6145;82.333;84.333;100
6150;82.333;84.333;100
6155;82.333;84.333;100
6160;82.333;84.333;100
6165;82.333;84.333;100
6170;82.333;84.333;100
6175;82.333;84.333;100
6180;82.333;84.333;100
6185;82.333;84.333;100
6190;82.333;84.333;100
6195;82.333;84.333;100
6200;82.333;84.333;100
6205;82.333;84.333;100
6210;82.333;84.333;100
6215;82.333;84.333;100
6220;82.333;84.333;100
6225;82.333;84.333;100
6230;82.333;84.333;100
6235;82.333;84.333;100
6240;82.333;84.333;100
6245;82.333;84.333;100
6250;82.333;84.333;100
6255;82.333;84.333;100
6260;82.333;84.333;100
6265;82.333;84.333;100
6270;82.333;84.333;100
6275;82.333;84.333;100
6280;82.333;84.333;100
6285;82.333;84.333;100
6290;82.333;84.333;100
6295;82.333;84.333;100
6300;82.333;84.333;100
6305;82.333;84.333;100
6310;82.333;84.333;100
6315;82.333;84.333;100
6320;82.333;84.333;100
6325;82.333;84.333;100
6330;82.333;84.333;100
6335;82.333;84.333;100
6340;82.333;84.333;100
6345;82.667;84.333;100
6350;82.667;84.333;100
6355;82.667;84.333;100
6360;82.667;84.333;100
6365;82.667;84.333;100
6370;82.667;84.0;100
6375;82.667;84.0;100
6380;82.667;84.0;100
6385;82.667;84.0;100
6390;82.667;84.0;100
6395;82.667;84.0;100
6400;82.667;84.0;100
6405;82.667;84.0;100
6410;82.667;84.0;100
6415;82.667;84.0;100
6420;82.667;84.0;100
6425;82.667;84.0;100
6430;82.667;84.0;100
6435;82.667;84.0;100
6440;82.667;84.0;100
6445;82.667;84.0;100
6450;82.667;84.0;100
6455;82.667;84.0;100
6460;82.667;84.0;100
6465;82.667;84.0;100
6470;82.667;84.0;100
6475;82.667;84.0;100
6480;82.667;84.0;100
6485;82.667;84.0;100
6490;82.667;84.0;100
6495;82.667;84.0;100
6500;82.667;84.0;100
6505;82.667;84.0;100
6510;82.667;84.0;100
6515;82.667;84.0;100
6520;82.667;84.0;100
6525;82.667;84.0;100
6530;82.667;84.0;100
6535;82.667;84.0;100
6540;82.667;84.0;100
6545;82.667;84.0;100
6550;82.667;84.0;100
6555;82.667;84.0;100
6560;82.667;84.0;100
6565;82.667;84.0;100
6570;82.667;84.0;100
6575;82.667;84.0;100
6580;82.667;84.0;100
6585;82.667;84.0;100
6590;82.667;84.0;100
6595;82.667;84.0;100
6600;82.667;84.0;100
6605;82.667;84.0;100
6610;82.667;84.0;100
6615;82.667;84.0;100
6620;82.667;84.0;100
6625;82.667;84.0;100
6630;82.667;84.0;100
6635;82.667;84.0;100
6640;82.667;84.0;100
6645;82.667;84.0;100
6650;82.667;84.0;100
6655;82.667;84.0;100
6660;82.667;84.0;100
6665;82.667;84.0;100
6670;82.667;84.0;100
6675;82.667;84.0;100
6680;82.667;84.333;100
6685;82.667;84.333;100
6690;82.667;84.333;100
6695;82.667;84.333;100
6700;82.667;84.333;100
6705;82.667;84.333;100
6710;82.667;84.333;100
6715;82.667;84.333;100
6720;82.667;84.333;100
6725;82.667;84.333;100
6730;82.667;84.333;100
6735;82.667;84.333;100
6740;82.667;84.333;100
6745;82.667;84.333;100
6750;82.667;84.333;100
6755;82.667;84.333;100
6760;82.667;84.333;100
6765;82.667;84.333;100
6770;82.667;84.333;100
6775;82.667;84.333;100
6780;82.667;84.333;100
6785;82.667;84.333;100
6790;82.667;84.333;100
6795;82.667;84.333;100
6800;82.667;84.333;100
6805;82.667;84.333;100
6810;82.667;84.333;100
6815;82.667;84.333;100
6820;82.667;84.333;100
6825;82.667;84.333;100
6830;82.667;84.333;100
6835;82.667;84.333;100
6840;82.667;84.333;100
6845;82.667;84.333;100
6850;82.667;84.333;100
6855;82.667;84.333;100
6860;82.667;84.333;100
6865;82.667;84.333;100
6870;82.667;84.333;100
6875;82.667;84.333;100
6880;82.667;84.333;100
6885;82.667;84.333;100
6890;82.667;84.333;100
6895;82.667;84.333;100
6900;82.667;84.333;100
6905;82.667;84.333;100
6910;82.667;84.333;100
6915;82.667;84.333;100
6920;82.667;84.333;100
6925;82.667;84.333;100
6930;82.667;84.333;100
6935;82.667;84.333;100
6940;82.667;84.333;100
6945;82.667;84.333;100
6950;82.667;84.333;100
6955;82.667;84.333;100
6960;82.667;84.333;100
6965;82.667;84.333;100
6970;82.667;84.333;100
6975;82.667;84.333;100
6980;82.667;84.333;100
6985;82.667;84.333;100
6990;82.667;84.333;100
6995;82.667;84.333;100
7000;82.667;84.333;100
7005;82.667;84.333;100
7010;82.667;84.333;100
7015;82.667;84.333;100
7020;82.667;84.333;100
7025;82.667;84.333;100
7030;82.667;84.333;100
7035;82.667;84.333;100
7040;82.667;84.333;100
7045;82.667;84.333;100
7050;82.667;84.333;100
7055;82.667;84.333;100
7060;82.667;84.333;100
7065;82.667;84.333;100
7070;82.667;84.333;100
7075;82.667;84.333;100
7080;82.667;84.333;100
7085;82.667;84.333;100
7090;82.667;84.333;100
7095;82.667;84.333;100
7100;82.667;84.333;100
7105;82.667;84.333;100
7110;82.667;84.333;100
7115;82.667;84.333;100
7120;82.667;84.333;100
7125;82.667;84.333;100
7130;82.667;84.333;100
7135;82.667;84.333;100
7140;82.667;84.333;100
7145;82.667;84.333;100
7150;82.667;84.333;100
7155;82.667;84.333;100
7160;82.667;84.333;100
7165;82.667;84.333;100
7170;82.667;84.333;100
7175;82.667;84.333;100
7180;82.667;84.333;100
7185;82.667;84.333;100
7190;82.667;84.333;100
7195;82.667;84.333;100
7200;82.667;84.333;100
7205;82.667;84.333;100
7210;82.667;84.333;100
7215;82.667;84.333;100
7220;82.667;84.333;100
7225;82.667;84.333;100
7230;82.667;84.333;100
7235;82.667;84.333;100
7240;82.667;84.333;100
7245;82.667;84.333;100
7250;82.667;84.333;100
7255;82.667;84.333;100
7260;82.667;84.333;100
7265;82.333;84.333;100
7270;82.333;84.333;100
7275;82.333;84.333;100
7280;82.333;84.333;100
7285;82.333;84.333;100
7290;82.333;84.333;100
7295;82.333;84.333;100
7300;82.333;84.333;100
7305;82.333;84.333;100
7310;82.333;84.333;100
7315;82.333;84.333;100
7320;82.333;84.333;100
7325;82.333;84.333;100
7330;82.333;84.333;100
7335;82.333;84.333;100
7340;82.333;84.333;100
7345;82.333;84.333;100
7350;82.333;84.333;100
7355;82.333;84.333;100
7360;82.333;84.333;100
7365;82.333;84.333;100
7370;82.333;84.333;100
7375;82.333;84.333;100
7380;82.333;84.333;100
7385;82.333;84.333;100
7390;82.333;84.333;100
7395;82.333;84.333;100
7400;82.333;84.333;100
7405;82.333;84.333;100
7410;82.333;84.333;100
7415;82.333;84.333;100
7420;82.333;84.333;100
7425;82.333;84.333;100
7430;82.333;84.333;100
7435;82.333;84.333;100
7440;82.333;84.333;100
7445;82.333;84.333;100
7450;82.333;84.333;100
7455;82.333;84.333;100
7460;82.333;84.333;100
7465;82.333;84.333;100
7470;82.333;84.333;100
7475;82.333;84.333;100
7480;82.333;84.333;100
7485;82.333;84.333;100
7490;82.333;84.333;100
7495;82.333;84.333;100
7500;82.333;84.333;100
7505;82.333;84.333;100
7510;82.333;84.333;100
7515;82.333;84.333;100
7520;82.333;84.333;100
7525;82.333;84.333;100
7530;82.333;84.333;100
7535;82.333;84.333;100
7540;82.333;84.333;100
7545;82.333;84.333;100
7550;82.333;84.333;100
7555;82.333;84.333;100
7560;82.333;84.333;100
7565;82.333;84.333;100
7570;82.333;84.333;100
7575;82.333;84.333;100
7580;82.333;84.333;100
7585;82.333;84.333;100
7590;82.333;84.333;100
7595;82.333;84.333;100
7600;82.333;84.333;100
7605;82.333;84.333;100
7610;82.333;84.333;100
7615;82.333;84.333;100
7620;82.333;84.333;100
7625;82.333;84.333;100
7630;82.333;84.333;100
7635;82.333;84.333;100
7640;82.333;84.333;100
7645;82.333;84.333;100
7650;82.333;84.333;100
7655;82.333;84.333;100
7660;82.333;84.333;100
7665;82.333;84.333;100
7670;82.333;84.333;100
7675;82.333;84.333;100
7680;82.333;84.333;100
7685;82.333;84.333;100
7690;82.333;84.333;100
7695;82.333;84.333;100
7700;82.333;84.333;100
7705;82.333;84.333;100
7710;82.333;84.333;100
7715;82.333;84.333;100
7720;82.333;84.333;100
7725;82.333;84.333;100
7730;82.333;84.333;100
7735;82.333;84.333;100
7740;82.333;84.333;100
7745;82.333;84.333;100
7750;82.333;84.333;100
7755;82.333;84.333;100
7760;82.333;84.333;100
7765;82.333;84.333;100
7770;82.333;84.333;100
7775;82.333;84.333;100
7780;82.333;84.333;100
7785;82.333;84.333;100
7790;82.333;84.333;100
7795;82.333;84.333;100
7800;82.333;84.333;100
7805;82.333;84.333;100
7810;82.333;84.333;100
7815;82.333;84.333;100
7820;82.333;84.333;100
7825;82.333;84.333;100
7830;82.333;84.333;100
7835;82.333;84.333;100
7840;82.333;84.333;100
7845;82.333;84.333;100
7850;82.333;84.333;100
7855;82.333;84.333;100
7860;82.333;84.333;100
7865;82.333;84.333;100
7870;82.333;84.333;100
7875;82.333;84.333;100
7880;82.333;84.333;100
7885;82.333;84.333;100
7890;82.333;84.333;100
7895;82.333;84.333;100
7900;82.333;84.333;100
7905;82.333;84.333;100
7910;82.333;84.333;100
7915;82.333;84.333;100
7920;82.333;84.333;100
7925;82.333;84.333;100
7930;82.333;84.333;100
7935;82.333;84.333;100
7940;82.333;84.333;100
7945;82.333;84.333;100
7950;82.333;84.333;100
7955;82.333;84.333;100
7960;82.333;84.333;100
7965;82.333;84.333;100
7970;82.333;84.333;100
7975;82.333;84.333;100
7980;82.333;84.333;100
7985;82.333;84.333;100
7990;82.333;84.333;100
7995;82.333;84.333;100
8000;82.333;84.333;100
8005;82.333;84.333;100
8010;82.333;84.333;100
8015;82.333;84.333;100
8020;82.333;84.333;100
8025;82.333;84.333;100
8030;82.333;84.333;100
8035;82.333;84.333;100
8040;82.333;84.333;100
8045;82.333;84.333;100
8050;82.333;84.333;100
8055;82.333;84.333;100
8060;82.333;84.333;100
8065;82.333;84.333;100
8070;82.333;84.333;100
8075;82.333;84.333;100
8080;82.333;84.333;100
8085;82.333;84.333;100
8090;82.333;84.333;100
8095;82.333;84.333;100
8100;82.333;84.333;100
8105;82.333;84.333;100
8110;82.333;84.333;100
8115;82.333;84.333;100
8120;82.333;84.333;100
8125;82.333;84.333;100
8130;82.333;84.333;100
8135;82.333;84.333;100
8140;82.333;84.333;100
8145;82.333;84.333;100
8150;82.333;84.333;100
8155;82.333;84.333;100
8160;82.333;84.333;100
8165;82.333;84.333;100
8170;82.333;84.333;100
8175;82.333;84.333;100
8180;82.333;84.333;100
8185;82.333;84.333;100
8190;82.333;84.333;100
8195;82.333;84.333;100
8200;82.333;84.333;100
8205;82.333;84.333;100
8210;82.333;84.333;100
8215;82.333;84.333;100
8220;82.333;84.333;100
8225;82.333;84.333;100
8230;82.333;84.333;100
8235;82.333;84.333;100
8240;82.333;84.333;100
8245;82.333;84.333;100
8250;82.333;84.333;100
8255;82.333;84.333;100
8260;82.333;84.333;100
8265;82.333;84.333;100
8270;82.333;84.333;100
8275;82.333;84.333;100
8280;82.333;84.333;100
8285;82.333;84.333;100
8290;82.333;84.333;100
8295;82.333;84.333;100
8300;82.333;84.333;100
8305;82.333;84.333;100
8310;82.333;84.333;100
8315;82.333;84.333;100
8320;82.333;84.333;100
8325;82.333;84.333;100
8330;82.333;84.333;100
8335;82.333;84.333;100
8340;82.333;84.333;100
8345;82.333;84.333;100
8350;82.333;84.333;100
8355;82.333;84.333;100
8360;82.333;84.333;100
8365;82.333;84.333;100
8370;82.333;84.333;100
8375;82.333;84.333;100
8380;82.333;84.333;100
8385;82.333;84.333;100
8390;82.333;84.333;100
8395;82.333;84.333;100
8400;82.333;84.333;100
8405;82.333;84.333;100
8410;82.333;84.333;100
8415;82.333;84.333;100
8420;82.333;84.333;100
8425;82.333;84.333;100
8430;82.333;84.333;100
8435;82.333;84.333;100
8440;82.333;84.333;100
8445;82.333;84.333;100
8450;82.333;84.333;100
8455;82.333;84.333;100
8460;82.333;84.333;100
8465;82.333;84.333;100
8470;82.333;84.333;100
8475;82.333;84.333;100
8480;82.333;84.333;100
8485;82.333;84.333;100
8490;82.333;84.333;100
8495;82.333;84.333;100
8500;82.333;84.333;100
8505;82.333;84.333;100
8510;82.333;84.333;100
8515;82.333;84.333;100
8520;82.333;84.333;100
8525;82.333;84.333;100
8530;82.333;84.333;100
8535;82.333;84.333;100
8540;82.333;84.333;100
8545;82.333;84.333;100
8550;82.333;84.333;100
8555;82.333;84.333;100
8560;82.333;84.333;100
8565;82.333;84.333;100
8570;82.333;84.333;100
8575;82.333;84.333;100
8580;82.333;84.333;100
8585;82.333;84.333;100
8590;82.333;84.333;100
8595;82.333;84.333;100
8600;82.333;84.333;100
8605;82.333;84.333;100
8610;82.333;84.333;100
8615;82.333;84.333;100
8620;82.333;84.333;100
8625;82.333;84.333;100
8630;82.333;84.333;100
8635;82.333;84.333;100
8640;82.333;84.333;100
8645;82.333;84.333;100
8650;82.333;84.333;100
8655;82.333;84.333;100
8660;82.333;84.333;100
8665;82.333;84.333;100
8670;82.333;84.333;100
8675;82.333;84.333;100
8680;82.333;84.333;100
8685;82.333;84.333;100
8690;82.333;84.333;100
8695;82.333;84.333;100
8700;82.333;84.333;100
8705;82.333;84.333;100
8710;82.333;84.333;100
8715;82.333;84.333;100
8720;82.333;84.333;100
8725;82.333;84.333;100
8730;82.333;84.333;100
8735;82.333;84.333;100
8740;82.333;84.333;100
8745;82.333;84.333;100
8750;82.333;84.333;100
8755;82.333;84.333;100
8760;82.333;84.333;100
8765;82.333;84.333;100
8770;82.333;84.333;100
8775;82.333;84.333;100
8780;82.333;84.333;100
8785;82.333;84.333;100
8790;82.333;84.333;100
8795;82.333;84.333;100
8800;82.333;84.333;100
8805;82.333;84.333;100
8810;82.333;84.333;100
8815;82.333;84.333;100
8820;82.333;84.333;100
8825;82.333;84.333;100
8830;82.333;84.333;100
8835;82.333;84.333;100
8840;82.333;84.333;100
8845;82.333;84.333;100
8850;82.333;84.333;100
8855;82.333;84.333;100
8860;82.333;84.333;100
8865;82.333;84.333;100
8870;82.333;84.333;100
8875;82.333;84.333;100
8880;82.333;84.333;100
8885;82.333;84.333;100
8890;82.333;84.333;100
8895;82.333;84.333;100
8900;82.333;84.333;100
8905;82.333;84.333;100
8910;82.333;84.333;100
8915;82.333;84.333;100
8920;82.333;84.333;100
8925;82.333;84.333;100
8930;82.333;84.333;100
8935;82.333;84.333;100
8940;82.333;84.333;100
8945;82.333;84.333;100
8950;82.333;84.333;100
8955;82.333;84.333;100
8960;82.333;84.333;100
8965;82.333;84.333;100
8970;82.333;84.333;100
8975;82.333;84.333;100
8980;82.333;84.333;100
8985;82.333;84.333;100
8990;82.333;84.333;100
8995;82.333;84.333;100
9000;82.333;84.333;100
9005;82.333;84.333;100
9010;82.333;84.333;100
9015;82.333;84.333;100
9020;82.333;84.333;100
9025;82.333;84.333;100
9030;82.333;84.333;100
9035;82.333;84.333;100
9040;82.333;84.333;100
9045;82.333;84.333;100
9050;82.333;84.333;100
9055;82.333;84.333;100
9060;82.333;84.333;100
9065;82.333;84.333;100
9070;82.333;84.333;100
9075;82.333;84.333;100
9080;82.333;84.333;100
9085;82.333;84.333;100
9090;82.333;84.333;100
9095;82.333;84.333;100
9100;82.333;84.333;100
9105;82.333;84.333;100
9110;82.333;84.333;100
9115;82.333;84.333;100
9120;82.333;84.333;100
9125;82.333;84.333;100
9130;82.333;84.333;100
9135;82.333;84.333;100
9140;82.333;84.333;100
9145;82.333;84.333;100
9150;82.333;84.333;100
9155;82.333;84.333;100
9160;82.333;84.333;100
9165;82.333;84.333;100
9170;82.333;84.333;100
9175;82.333;84.333;100
9180;82.333;84.333;100
9185;82.333;84.333;100
9190;82.333;84.333;100
9195;82.333;84.333;100
9200;82.333;84.333;100
9205;82.333;84.333;100
9210;82.333;84.333;100
9215;82.333;84.333;100
9220;82.333;84.333;100
9225;82.333;84.333;100
9230;82.333;84.333;100
9235;82.333;84.333;100
9240;82.333;84.333;100
9245;82.333;84.333;100
9250;82.333;84.333;100
9255;82.333;84.333;100
9260;82.333;84.333;100
9265;82.333;84.333;100
9270;82.333;84.333;100
9275;82.333;84.333;100
9280;82.333;84.333;100
9285;82.333;84.333;100
9290;82.333;84.333;100
9295;82.333;84.333;100
9300;82.333;84.333;100
9305;82.333;84.333;100
9310;82.333;84.333;100
9315;82.333;84.333;100
9320;82.333;84.333;100
9325;82.333;84.333;100
9330;82.333;84.333;100
9335;82.333;84.333;100
9340;82.333;84.333;100
9345;82.333;84.333;100
9350;82.333;84.333;100
9355;82.333;84.333;100
9360;82.333;84.333;100
9365;82.333;84.333;100
9370;82.333;84.333;100
9375;82.333;84.333;100
9380;82.333;84.333;100
9385;82.333;84.333;100
9390;82.333;84.333;100
9395;82.333;84.333;100
9400;82.333;84.333;100
9405;82.333;84.333;100
9410;82.333;84.333;100
9415;82.333;84.333;100
9420;82.333;84.333;100
9425;82.333;84.333;100
9430;82.333;84.333;100
9435;82.333;84.333;100
9440;82.333;84.333;100
9445;82.333;84.333;100
9450;82.333;84.333;100
9455;82.333;84.333;100
9460;82.333;84.333;100
9465;82.333;84.333;100
9470;82.333;84.333;100
9475;82.333;84.333;100
9480;82.333;84.333;100
9485;82.333;84.333;100
9490;82.333;84.333;100
9495;82.333;84.333;100
9500;82.333;84.333;100
9505;82.333;84.333;100
9510;82.333;84.333;100
9515;82.333;84.333;100
9520;82.333;84.333;100
9525;82.333;84.333;100
9530;82.333;84.333;100
9535;82.333;84.333;100
9540;82.333;84.333;100
9545;82.333;84.333;100
9550;82.333;84.333;100
9555;82.333;84.333;100
9560;82.333;84.333;100
9565;82.333;84.333;100
9570;82.333;84.333;100
9575;82.333;84.333;100
9580;82.333;84.333;100
9585;82.333;84.333;100
9590;82.333;84.333;100
9595;82.333;84.333;100
9600;82.333;84.333;100
9605;82.333;84.333;100
9610;82.333;84.333;100
9615;82.333;84.333;100
9620;82.333;84.333;100
9625;82.333;84.333;100
9630;82.333;84.333;100
9635;82.333;84.333;100
9640;82.333;84.333;100
9645;82.333;84.333;100
9650;82.333;84.333;100
9655;82.333;84.333;100
9660;82.333;84.333;100
9665;82.333;84.333;100
9670;82.333;84.333;100
9675;82.333;84.333;100
9680;82.333;84.333;100
9685;82.333;84.333;100
9690;82.333;84.333;100
9695;82.333;84.333;100
9700;82.333;84.333;100
9705;82.333;84.333;100
9710;82.333;84.333;100
9715;82.333;84.333;100
9720;82.333;84.333;100
9725;82.333;84.333;100
9730;82.333;84.333;100
9735;82.333;84.333;100
9740;82.333;84.333;100
9745;82.333;84.333;100
9750;82.333;84.333;100
9755;82.333;84.333;100
9760;82.333;84.333;100
9765;82.333;84.333;100
9770;82.333;84.333;100
9775;82.333;84.333;100
9780;82.333;84.333;100
9785;82.333;84.333;100
9790;82.333;84.333;100
9795;82.333;84.333;100
9800;82.333;84.333;100
9805;82.333;84.333;100
9810;82.333;84.333;100
9815;82.333;84.333;100
9820;82.333;84.333;100
9825;82.333;84.333;100
9830;82.333;84.333;100
9835;82.333;84.333;100
9840;82.333;84.333;100
9845;82.333;84.333;100
9850;82.333;84.333;100
9855;82.333;84.333;100
9860;82.333;84.333;100
9865;82.333;84.333;100
9870;82.333;84.333;100
9875;82.333;84.333;100
9880;82.333;84.333;100
9885;82.333;84.333;100
9890;82.333;84.333;100
9895;82.333;84.333;100
9900;82.333;84.333;100
9905;82.333;84.333;100
9910;82.333;84.333;100
9915;82.333;84.333;100
9920;82.333;84.333;100
9925;82.333;84.333;100
9930;82.333;84.333;100
9935;82.333;84.333;100
9940;82.333;84.333;100
9945;82.333;84.333;100
9950;82.333;84.333;100
9955;82.333;84.333;100
9960;82.333;84.333;100
9965;82.333;84.333;100
9970;82.333;84.333;100
9975;82.333;84.333;100
9980;82.333;84.333;100
9985;82.333;84.333;100
9990;82.333;84.333;100
9995;82.333;84.333;100
10000;82.333;84.333;100
10005;82.333;84.333;100
10010;82.333;84.333;100
10015;82.333;84.333;100
10020;82.333;84.333;100
10025;82.333;84.333;100
10030;82.333;84.333;100
10035;82.333;84.333;100
10040;82.333;84.333;100
10045;82.333;84.333;100
10050;82.333;84.333;100
10055;82.333;84.333;100
10060;82.333;84.333;100
10065;82.333;84.333;100
10070;82.333;84.333;100
10075;82.333;84.333;100
10080;82.333;84.333;100
10085;82.333;84.333;100
10090;82.333;84.333;100
10095;82.333;84.333;100
10100;82.333;84.333;100
10105;82.333;84.333;100
10110;82.333;84.333;100
10115;82.333;84.333;100
10120;82.333;84.333;100
10125;82.333;84.333;100
10130;82.333;84.333;100
10135;82.333;84.333;100
10140;82.333;84.333;100
10145;82.333;84.333;100
10150;82.333;84.333;100
10155;82.333;84.333;100
10160;82.333;84.333;100
10165;82.333;84.333;100
10170;82.333;84.333;100
10175;82.333;84.333;100
10180;82.333;84.333;100
10185;82.333;84.333;100
10190;82.333;84.333;100
10195;82.333;84.333;100
10200;82.333;84.333;100
10205;82.333;84.333;100
10210;82.333;84.333;100
10215;82.333;84.333;100
10220;82.333;84.333;100
10225;82.333;84.333;100
10230;82.333;84.333;100
10235;82.333;84.333;100
10240;82.333;84.333;100
10245;82.333;84.333;100
10250;82.333;84.333;100
10255;82.333;84.333;100
10260;82.333;84.333;100
10265;82.333;84.333;100
10270;82.333;84.333;100
10275;82.333;84.333;100
10280;82.333;84.333;100
10285;82.333;84.333;100
10290;82.333;84.333;100
10295;82.333;84.333;100
10300;82.333;84.333;100
10305;82.333;84.333;100
10310;82.333;84.333;100
10315;82.333;84.333;100
10320;82.333;84.333;100
10325;82.333;84.333;100
10330;82.333;84.333;100
10335;82.333;84.333;100
10340;82.333;84.333;100
10345;82.333;84.333;100
10350;82.333;84.333;100
10355;82.333;84.333;100
10360;82.333;84.333;100
10365;82.333;84.333;100
10370;82.333;84.333;100
10375;82.333;84.333;100
10380;82.333;84.333;100
10385;82.333;84.333;100
10390;82.333;84.333;100
10395;82.333;84.333;100
10400;82.333;84.333;100
10405;82.333;84.333;100
10410;82.333;84.333;100
10415;82.333;84.333;100
10420;82.333;84.333;100
10425;82.333;84.333;100
10430;82.333;84.333;100
